45;63;53;12
-58;12;81;-12
95;-45;-41;-7
26;-6;96;-93
72;99;35;-37
63;69;98;-93
40;5;86;37
9;-83;-62;-9
-40;97;28;52
-93;-24;-31;91
1;43;-76;-45
81;59;-32;-9
-70;-55;-18;44
24;-2;-61;75
65;47;71;36
25;-56;79;79
-82;67;-66;29
65;-56;99;-4
30;44;62;-79
46;43;-75;81
-62;-5;8;-35
34;-6;66;62
58;53;87;-41
5;33;-33;-42
64;-55;-62;-86
25;38;26;85
-55;85;-86;80
36;-81;-70;-78
22;90;-2;-70
35;14;-55;24
-98;-28;70;-87
-43;41;91;97
-22;5;-44;1
6;-88;-44;-1
69;23;-79;48
-20;86;-73;40
23;66;37;14
-65;-63;22;-50
99;14;-87;-47
68;14;29;3
94;-84;3;-69
62;28;15;11
34;98;-39;-87
-7;-3;-56;-85
-54;-69;-11;-10
-96;-22;63;-59
82;-94;2;92
98;-96;31;-44
93;17;54;-35
-16;95;77;94
-49;-73;79;-64
76;9;57;3
-29;98;-93;38
-75;-61;-1;16
-47;-38;-51;57
-73;22;12;31
-32;-95;-80;75
42;78;30;-49
-47;-5;-61;77
-2;27;-36;-26
-51;99;22;-99
96;92;-68;54
-81;-62;-87;-78
46;-79;68;28
15;-51;67;72
-10;81;60;-8
-32;55;-15;29
99;22;-82;25
98;74;8;-72
-99;11;34;-24
73;-35;57;4
66;8;4;-67
27;11;-37;-50
60;-8;84;-32
-61;-70;32;-59
7;2;54;-4
-79;-12;-76;72
12;40;28;-96
14;-8;98;-75
-76;-43;26;60
-49;-47;-97;-11
-41;68;64;6
90;-59;89;70
79;-7;69;-29
10;-39;-16;-22
-16;32;20;86
82;-40;36;-31
-7;60;-56;81
4;72;89;-46
-1;-34;-62;-47
23;18;81;-28
51;57;-76;-79
23;27;14;63
73;-52;-24;18
33;-83;7;99
-68;-4;-87;-69
97;-92;-33;-93
3;15;71;-55
-76;-68;55;66
51;-52;-65;-75
-64;16;46;66
-54;-20;-91;-44
-3;-28;21;-17
59;-61;-79;-73
5;51;-25;44
-9;-83;17;-92
55;-31;40;41
-7;9;67;-15
81;-18;63;16
50;-53;84;17
98;-89;10;-68
93;-11;-14;84
-89;28;-38;99
73;-9;33;-81
98;38;-89;76
40;-32;63;88
4;-63;2;-23
-24;4;-23;-42
66;58;46;-19
7;-15;-85;-33
83;55;30;64
-52;67;12;-10
48;44;18;-87
-63;-91;76;31
-53;22;28;56
86;-90;9;7
-48;-96;-66;-85
45;-47;12;13
23;43;93;84
37;98;40;36
25;-88;28;31
86;-36;-78;58
81;-85;-66;85
56;-41;-20;74
-54;-76;13;-56
34;-3;45;-4
-67;-95;-10;-7
-85;91;93;-51
81;92;-69;74
-19;78;20;87
81;-25;-66;30
-81;26;57;-35
-37;-81;39;13
-15;-3;-98;-71
-33;-67;-1;82
74;28;43;89
-79;85;-96;64
-72;6;-6;-32
3;26;-38;-41
-37;-85;-22;6
-52;-74;-69;95
-47;-20;63;-15
90;-97;8;-51
-21;38;-87;-46
32;-55;9;-66
22;92;-63;57
25;-29;-89;59
-65;42;65;-48
54;92;35;49
-2;47;36;41
-78;19;73;-75
97;-55;88;65
13;-91;27;-81
5;-56;83;-45
88;-27;-29;82
-30;-95;-50;-52
-63;-44;-6;-13
-96;-37;55;84
8;68;-87;-97
-81;-88;60;-19
-18;-55;-54;-74
-84;47;46;11
-91;-20;61;-74
-23;54;-29;-82
-30;25;88;42
51;2;62;-50
-46;42;11;37
-68;80;-63;76
13;89;0;-75
58;-75;-67;-10
9;82;-22;23
2;30;8;54
-2;95;33;-7
-76;-82;29;79
-17;95;72;-27
-63;-90;-21;-71
-56;84;12;-13
-46;-54;-41;-55
-7;-1;-67;68
-75;-61;48;24
-65;56;-60;-63
-53;44;53;-5
-39;21;41;62
-48;60;-47;-1
4;-51;-20;17
-82;-79;0;-48
36;-11;-99;24
85;61;55;-55
-52;-51;-62;-20
70;-57;81;-1
-68;-82;-73;33
4;-4;93;32
-54;33;-35;75
58;-69;6;-86
-43;87;0;58
43;-71;10;-1
65;-3;14;-96
22;73;29;-39
-32;80;-14;-99
93;67;47;-60
-5;-32;-21;-48
-4;79;-14;-82
42;-76;-76;83
42;-77;56;-97
8;27;67;-92
82;90;-90;-28
-95;-96;8;77
45;6;-79;-11
-60;-40;-37;-25
50;-42;-97;85
-89;-3;-39;-2
50;46;18;-55
-75;-17;-8;-33
-99;40;-42;5
-41;-93;-53;-7
-28;9;-27;-63
-96;34;43;-17
59;-19;-47;-50
25;81;96;-15
29;11;21;-41
-14;-37;53;-37
-86;53;-11;0
-97;58;-83;44
-89;10;13;2
-75;-75;-5;-83
-97;-64;-15;44
-70;-57;41;-81
43;73;76;47
-15;88;-93;-90
55;-90;-77;-50
-54;-57;-20;-98
-36;9;-61;-85
-32;-5;-39;5
-83;5;-44;-50
77;-90;-67;71
-87;-29;56;-70
82;-30;-41;-77
3;4;46;-85
-98;-55;70;59
55;-16;-20;21
-96;27;50;-51
12;-29;30;79
32;57;-68;46
77;-48;-62;75
-14;-49;-80;94
-50;-83;11;64
48;-54;3;72
35;-4;-6;-6
30;12;67;-15
20;8;17;11
39;-20;-10;46
-27;-99;-62;50
-93;95;-27;4
-36;-15;-29;87
-84;86;0;-33
67;58;-55;-64
-37;37;-83;-35
-16;52;-45;78
34;8;-45;70
27;65;-9;48
-91;53;66;40
-77;89;-70;-55
-59;80;-30;34
-91;-50;43;81
-65;-46;-16;35
84;72;-34;-46
40;-5;70;56
-5;51;-41;-86
92;4;-86;-27
8;72;-76;4
-17;20;69;-16
64;-26;35;-27
-19;56;64;-64
-12;12;99;27
-80;-26;-85;41
20;-81;-60;-43
91;29;89;31
-59;-89;-72;-88
48;61;70;-79
26;-14;91;56
65;87;69;39
87;-77;26;-20
5;-14;-47;-65
57;-17;83;-35
-20;12;-7;-64
-15;-95;-67;-29
29;52;-13;26
41;78;-98;34
-18;-42;75;33
-50;1;-30;69
-96;9;-74;55
58;92;-46;-34
77;6;40;-85
93;56;-28;60
54;-1;-89;-65
36;99;38;26
-16;19;52;0
7;-49;-85;79
-58;24;-68;76
79;-22;12;36
-2;-78;49;-64
-61;86;41;26
86;-84;78;50
-10;-65;-67;-96
70;-1;-29;-60
-59;54;58;27
-9;60;72;-30
24;-5;81;-23
86;-25;37;14
-49;3;-12;-2
78;-73;13;-8
-28;-36;-10;-92
-9;-72;-94;-20
-93;-27;-5;43
-37;-78;44;-22
-85;-29;-98;-9
-65;1;64;-84
-2;19;53;-33
-88;73;-38;-85
-58;-33;-45;-72
-29;65;79;-3
-10;1;-30;14
79;93;-48;-71
59;-90;-17;7
-75;-78;-42;71
-26;39;-31;-66
-88;-19;2;96
67;16;-92;-51
-8;5;-98;33
-68;-50;-63;4
-32;25;7;-98
-10;54;89;-80
-90;-16;27;97
-44;-92;-77;50
-68;-64;2;-2
-9;-45;-39;-57
-97;-66;-85;19
-80;24;40;-50
-62;-95;4;49
-68;-32;44;-43
-9;-17;87;-16
89;-89;93;-15
-17;-48;2;95
47;38;-87;-87
-36;-35;99;-44
40;-30;99;-15
44;-23;60;-49
3;-27;19;64
-8;-54;-92;-91
-32;77;-46;91
-59;29;-63;68
-77;45;2;-1
92;-8;-14;67
-32;-12;16;-79
-17;2;40;12
-49;42;82;-90
32;37;3;2
31;-95;45;-14
-89;-92;-84;-88
-66;-69;-37;99
74;-39;-41;-88
87;52;-3;-96
29;86;25;66
-62;41;41;-1
47;-72;-63;-14
-58;-99;67;87
47;99;56;-40
-27;5;87;-47
-61;40;37;89
-17;71;-77;80
-60;-1;72;45
-21;78;-51;-30
-33;17;-35;-93
94;77;57;74
-7;-28;-35;87
95;-63;31;-76
98;-27;27;-3
-95;51;-84;76
-95;-44;-54;42
-72;-77;8;68
51;-13;93;56
-59;81;-41;-38
83;62;-4;-88
6;-65;84;-96
68;49;46;-93
-48;51;-34;15
1;-12;-98;38
32;-85;47;-29
63;-3;-63;9
-56;74;82;-83
-86;-34;14;-58
-45;-96;-30;70
-28;-58;73;-21
-24;2;16;99
-78;-22;-45;52
80;21;29;68
-84;-74;-51;-90
97;-25;59;94
66;30;92;86
-63;-76;-40;-2
-81;-69;-34;-10
-59;-31;94;-39
80;-63;-12;66
19;-69;-63;-7
36;45;-74;-71
55;-40;72;96
-17;79;12;46
9;30;62;97
-81;57;33;49
-45;-60;27;47
-68;87;-70;60
87;93;-24;36
98;-69;42;59
-42;-30;-92;-38
56;-52;52;-50
-26;-9;48;61
-3;-13;-61;-3
-81;-22;97;67
-70;-87;-90;-11
4;76;-46;-90
-20;-29;98;87
-84;74;-9;85
-68;-35;91;84
-65;79;-14;-4
-54;14;-61;-94
-39;53;-27;20
-66;75;30;-54
-40;18;58;79
94;43;70;-96
-8;60;46;23
95;-46;-35;53
-13;-86;32;-50
26;13;-56;89
38;-52;48;27
98;-21;54;-59
-55;-54;25;14
7;-87;89;-8
-90;-17;-95;-15
68;16;-90;-92
-12;19;-66;-80
-57;-20;20;47
-25;68;-58;47
95;-57;-95;-86
-93;6;-22;50
28;51;-54;-25
-76;-59;-59;-57
9;58;-78;-78
-62;40;-61;-21
-54;34;98;64
25;78;-60;39
70;-57;-4;67
-21;90;-21;-37
-62;-40;-20;37
-26;58;96;-98
-60;-23;-62;16
46;-80;9;-44
-95;26;67;-27
8;14;-75;50
11;7;4;81
44;-26;64;18
-20;59;83;78
-39;1;-94;-13
38;96;25;-51
40;23;92;50
33;-59;62;52
-76;-94;54;24
-65;29;-74;67
-46;-85;-43;66
13;19;-63;87
-63;31;94;3
20;-19;35;11
88;76;-90;87
14;53;-52;4
11;-88;-5;-26
-95;-40;43;31
-24;-61;-67;23
40;59;36;-78
-13;-94;14;-97
-54;-40;-67;42
-29;-56;35;-41
20;-62;-47;1
67;53;-44;1
-75;62;83;77
88;-36;-72;-18
-52;-87;71;-70
-59;88;1;9
-60;-54;-42;-49
79;52;-97;60
24;-16;-88;-62
85;32;55;86
4;-65;96;25
-78;37;-86;82
-67;50;-5;-41
-27;6;-81;31
37;44;-39;22
-5;-95;22;-28
59;-77;-46;4
-48;89;-3;15
-43;84;26;-94
91;75;-13;3
-68;-25;-82;-70
-43;44;-12;-82
-34;-20;0;-59
-29;-66;-9;-1
13;24;65;99
-16;10;30;-57
-47;79;-98;-12
80;-87;39;61
-42;58;-10;-79
87;-7;-85;-84
34;-64;-62;71
-10;-44;-55;-76
-7;-72;-7;-33
-89;-13;-80;22
45;75;76;-22
42;-99;-62;-46
40;38;83;13
43;-29;12;-80
9;50;-35;-52
-28;58;52;96
35;78;94;52
19;-27;51;70
39;67;-24;-87
16;37;-27;34
97;84;-68;52
-27;31;-20;-77
16;-27;57;-39
-77;71;-49;86
-77;79;42;64
-94;-15;35;-32
87;-87;73;76
95;-1;3;71
-23;31;-49;-12
27;-99;24;-96
-2;72;-63;-54
15;-10;48;68
17;-11;89;37
95;8;28;12
-51;63;64;-39
58;4;-73;-83
70;86;83;-9
21;62;-41;-78
-44;38;-33;-66
-52;-11;53;-3
-35;-94;-41;6
10;66;76;69
-96;38;-61;64
-63;-36;-54;94
46;-79;-24;29
6;-43;-52;54
-69;68;-18;-42
-58;-6;-35;59
-90;-33;95;52
-55;20;7;-96
-90;-85;-12;82
24;-5;84;91
-8;-28;-12;-73
-86;-75;90;-92
58;5;-24;41
-16;19;27;9
-26;-21;54;69
-32;-6;50;-74
14;-28;19;-8
69;-35;-69;36
83;-10;65;69
-93;-62;46;85
-24;88;94;40
-56;65;20;-9
-13;78;9;-55
40;-84;24;98
22;-38;12;42
6;-1;-62;-7
-26;40;57;93
53;57;3;-64
33;69;-7;-21
-1;-90;81;49
52;-72;-95;91
56;85;95;68
66;67;-52;44
25;-95;-20;77
50;1;-34;4
-91;26;38;29
-24;-27;12;70
22;-55;-1;12
-19;63;89;-22
-5;-53;37;-12
44;88;-72;86
10;58;11;28
-10;16;28;97
44;-22;40;-73
-10;-25;15;-17
-26;-74;-54;21
-32;36;-36;61
-85;-98;-17;4
64;78;60;-79
-2;51;-80;18
62;83;-19;-93
16;2;67;-97
-76;63;87;-80
31;-45;-85;19
42;7;19;73
-6;50;13;-12
-66;-75;-66;66
17;20;28;38
-44;97;21;-10
44;-60;-95;65
68;-39;37;-48
-85;-37;72;10
63;-58;-22;91
-67;-54;-76;-87
-30;93;72;-8
-31;-98;-14;4
-65;-51;63;34
33;24;74;2
2;53;-94;-66
-87;-38;-26;70
-48;24;-97;-24
-58;37;6;-90
74;9;-79;51
-32;13;-3;66
75;-66;-83;65
-33;75;-11;-20
-59;89;99;-92
20;-97;-60;44
99;-89;-38;-2
43;53;60;-75
4;-76;-65;88
-44;-61;-42;78
-54;8;-29;-86
47;62;-91;-33
-52;-74;69;84
9;-87;-68;-35
-27;52;67;65
72;19;-77;46
-21;52;36;-56
40;1;-75;-98
32;-78;62;-87
31;-73;97;-63
-98;95;-50;17
84;75;15;-9
91;69;15;3
-29;-7;-93;26
-15;24;34;95
-74;65;26;47
-98;67;-47;-12
-50;-80;33;-53
55;30;63;77
-30;6;62;3
-63;-55;-48;70
85;21;31;-61
-85;-63;27;-92
-8;-98;-89;-63
-31;2;15;-83
23;-72;-58;72
-63;-31;47;41
29;-70;-43;79
62;-68;59;81
13;55;62;-19
-63;-86;-27;-86
-8;26;54;53
19;27;8;68
90;45;80;-91
-96;-21;34;16
73;89;9;85
79;48;-55;-39
-57;-70;23;13
39;-65;80;9
55;-71;-19;10
14;94;-78;-97
21;-11;89;-82
-48;51;77;-66
-78;-54;7;-53
5;-13;-66;44
-18;-6;11;-10
-96;95;-71;55
64;-29;-46;75
98;-75;-98;79
68;7;-35;-9
59;-73;-90;-8
-47;-11;-8;-7
28;33;-96;-32
94;37;-72;-79
-17;32;98;26
-40;-66;-47;80
-2;-97;-64;96
-55;27;-21;98
-77;43;84;-45
-15;-80;-63;15
4;35;-72;-69
-33;85;80;-38
96;80;-3;-63
8;38;-69;25
73;-71;94;-49
-46;-5;-51;-99
-45;-94;-54;-48
52;72;36;-36
-5;-16;-77;25
-93;-78;14;12
-78;73;99;-36
-69;-58;-10;-16
12;-41;-19;-44
-74;86;-39;-91
-13;-73;76;-38
40;29;9;-75
-55;-67;41;-75
16;6;19;52
15;-18;-71;-19
-5;84;69;-87
15;61;40;-7
-8;-20;-61;8
-76;-86;-61;79
-54;-48;72;-8
-36;75;-80;97
1;-34;68;-93
40;29;41;43
58;80;14;2
-43;63;46;79
89;-83;33;64
94;-66;-98;3
-32;39;6;-37
10;36;-83;19
65;71;12;-50
93;33;53;62
39;-5;50;-57
6;93;3;-52
-57;-44;-97;-32
-35;-35;38;-98
-76;-21;-66;-78
63;94;36;-14
-49;-3;85;-44
-37;70;-75;0
-17;58;-97;31
-83;-77;56;16
-66;69;-23;10
68;-55;84;28
95;52;38;-40
-38;29;-20;5
-99;-63;-67;-91
-92;-52;84;-28
-69;3;84;6
-38;-92;84;-99
22;17;88;94
18;-73;17;-94
12;-42;-39;11
-67;64;-61;54
-22;-2;31;79
90;48;9;85
84;-95;-20;-34
-39;-21;-34;87
67;37;38;44
40;-15;87;73
20;-73;-4;49
87;-26;-60;-34
-35;-69;-72;64
-23;-94;-89;74
-92;-97;-89;14
47;-49;45;-66
92;-27;44;-5
-73;-6;-86;92
10;57;-40;63
-48;60;98;11
64;-86;-98;-70
-49;1;11;61
26;64;37;37
-25;-26;-73;-31
-19;-37;56;14
29;45;-61;70
-83;-65;-46;19
46;-52;22;-52
-95;-1;49;33
-50;15;83;-9
62;82;68;-37
57;-24;18;-63
30;90;-18;89
-96;-15;81;-81
74;-69;-86;-84
-53;91;-84;-21
-58;-11;33;75
24;-6;-80;65
-21;-34;52;47
77;76;-87;40
17;-82;89;55
65;33;-56;20
18;30;58;-81
2;68;-55;70
66;-11;-78;-32
42;42;12;-64
71;16;11;38
32;-65;-58;98
-82;-27;-2;-70
-98;-40;14;9
-55;-86;-42;93
35;-99;-36;10
-79;81;80;-12
55;45;97;75
5;53;84;-51
-77;6;87;-17
-11;60;-99;-70
-29;-85;69;7
75;13;-77;29
-16;18;1;70
-47;-99;17;51
-45;53;-56;-27
-25;22;24;-52
-24;-35;-14;39
-73;75;5;75
99;-65;-60;-94
-87;-27;13;-58
22;-31;-9;86
-47;-86;96;-78
89;-63;-71;35
16;28;54;48
-9;21;-68;11
-73;-16;3;9
-86;25;71;-81
60;11;39;81
-59;-98;51;-93
-68;37;95;-38
-32;-35;50;90
47;70;-41;-28
-20;-8;15;-8
-58;-98;-84;-62
66;82;73;28
-57;78;-38;-22
-2;-53;-6;15
76;48;17;53
25;69;-57;62
34;13;62;-56
-33;-1;38;-32
96;-53;39;-61
86;13;-60;-50
64;-32;-81;-10
-97;-28;-7;0
-24;44;-5;32
75;61;66;-27
59;-46;4;-46
-80;30;-38;44
-60;93;-19;-49
7;-45;29;-36
8;-32;89;-42
51;53;59;-38
-79;-37;67;22
-96;-93;-7;-65
-19;-33;-20;32
-91;86;-70;-66
-94;-25;-50;-90
91;-58;92;-79
-84;-68;-76;8
71;8;22;-93
-6;-58;-66;57
62;39;40;-66
75;96;-45;22
-62;55;-48;-23
3;49;-29;78
-30;46;7;72
82;85;-37;73
45;-26;-62;66
53;-27;-29;-33
34;-84;9;44
-27;51;-54;-81
76;2;-30;-83
-44;-54;3;45
71;-44;-13;-83
-68;68;-48;15
83;95;-4;1
58;-12;69;65
-15;85;42;-13
-59;26;5;18
1;-12;95;-20
15;-53;18;0
70;-7;95;-3
85;-45;-65;65
63;93;61;-23
-44;44;-39;-11
33;5;31;-29
3;-84;4;-55
50;69;16;43
73;71;-99;36
-22;96;31;-35
-7;-28;80;-70
50;77;23;-53
64;-72;-37;56
-72;6;47;-90
16;-52;96;54
89;50;47;-84
39;-9;91;92
93;-74;99;-41
-86;96;96;-39
25;2;20;25
-8;-42;-19;23
7;59;16;-33
-75;90;-79;-69
99;76;-24;42
25;64;-9;-41
85;31;-46;39
-71;-96;42;-68
10;-14;-15;-86
27;-29;-37;31
-30;-76;9;79
75;25;68;-97
-94;69;-40;-63
20;-46;36;60
-88;-38;40;61
-95;42;-5;3
-83;-15;56;38
6;-93;3;28
14;44;-27;1
-44;11;-16;-39
63;-49;33;-41
44;6;11;-43
50;25;-97;-34
31;1;27;27
29;-94;62;-10
68;-70;-3;98
-34;31;23;76
81;-64;4;0
77;-20;97;53
-91;-64;59;11
-95;-62;97;-87
-82;45;71;-50
48;93;-8;33
54;34;93;-86
82;35;-25;14
-79;2;-12;-48
4;73;19;-6
-54;-48;15;-31
-58;16;94;-72
33;10;58;-64
-36;-46;52;84
87;-36;99;-25
-58;46;28;-60
-75;-26;59;2
50;45;8;-55
-73;-22;-96;-3
-21;-76;-9;-62
39;66;-20;-28
76;-60;-50;66
50;4;-36;-60
73;-55;-47;0
23;-24;-56;68
57;-7;-22;88
-98;14;-90;86
-50;-45;5;64
73;62;35;-24
-33;-43;-36;85
-75;92;52;-53
-19;-31;-28;81
-75;4;74;-96
80;23;-19;-53
-12;-9;-30;-37
-70;-37;16;-5
10;76;-66;-34
-87;-42;43;64
40;-68;7;33
-57;-72;62;46
-19;2;84;-50
-18;-12;87;75
86;-99;56;61
-24;-43;-52;81
-97;-39;-28;-51
-29;8;91;22
79;16;6;-43
84;37;-79;-98
1;70;-85;-4
16;-83;29;-78
89;-42;-20;-88
2;82;-12;-16
83;25;31;81
56;13;-24;72
11;-38;-30;65
82;30;90;-51
80;55;-39;6
-58;51;-34;85
32;-49;-41;-87
-71;79;-79;97
-71;-77;-26;-41
-93;-61;-54;87
-5;-57;85;-46
46;63;-60;-40
-32;-69;-69;47
22;81;-58;-68
-40;45;-50;5
-45;-36;44;31
-58;-27;37;59
-44;32;-57;42
9;-27;-88;99
66;-88;-61;69
-89;99;45;97
48;-26;-25;-53
80;-57;98;-39
88;40;33;-68
-2;-46;-87;-26
-74;-20;-96;35
87;-11;-62;-50
70;-57;-35;-52
7;-19;-6;-45
18;47;82;67
97;-10;79;-86
33;82;53;69
39;80;1;13
99;65;43;31
96;-90;-90;-41
-63;-74;-23;37
77;51;53;8
-54;-22;13;51
-29;-55;-24;36
36;-32;10;90
42;52;-51;41
38;63;-41;9
37;23;31;71
-86;-57;-64;82
-71;-55;24;-39
-33;49;-58;54
-11;-93;-69;-93
-93;-96;23;68
16;-14;95;-74
2;-87;69;-17
-80;-96;-86;47
14;4;23;-42
54;-79;76;-9
44;-51;23;92
11;-6;-47;31
32;-47;2;33
-99;62;-44;27
-53;-89;-20;-83
-25;-59;-58;-36
35;-6;-60;84
-16;73;-48;86
-73;-68;-75;-32
63;-96;14;-92
59;-61;50;67
2;-20;47;52
-51;96;-89;44
40;60;-83;3
-92;-40;-43;-83
-45;-32;-52;59
-99;15;6;69
38;87;63;-56
-4;-28;-43;-63
-9;-26;62;-44
47;-12;36;-12
62;8;-53;-33
-84;21;-39;4
47;-3;53;-8
91;91;67;86
73;77;-86;-38
-67;67;-52;-32
3;79;-87;33
-2;-98;-30;66
31;59;96;-8
-31;-60;54;-83
27;-40;-3;98
19;64;-54;-1
7;76;-18;69
-26;-25;-44;94
-40;78;63;-64
8;27;-93;45
-72;87;60;-68
94;-25;17;34
-76;97;34;72
-29;-51;49;38
34;13;-73;22
4;-97;-67;-9
-24;18;9;99
-46;51;71;31
-95;-86;4;-67
-41;47;46;-23
40;-17;23;-88
-70;-74;2;94
1;-15;-74;27
-4;4;28;92
-57;-73;-41;5
-11;35;19;20
-22;-82;34;20
-90;93;-37;72
54;-85;17;-78
-21;-78;-39;-49
-84;14;-2;68
25;-56;-64;0
-15;12;90;-67
-11;-59;88;-94
63;-96;33;-87
-9;81;85;7
-78;-46;73;-19
86;7;14;-78
65;-92;-10;74
-63;50;95;-65
81;-66;-64;-2
-96;-69;-16;13
-74;12;-42;-25
-12;-51;60;-65
28;90;47;-28
-30;55;14;78
97;68;-33;-19
51;-86;68;-87
-91;-2;-69;-43
46;-12;4;91
70;-39;-45;-25
-51;-61;33;17
-52;-44;-53;-54
-96;23;65;-73
20;-43;0;-65
63;-97;62;-87
43;-54;-33;89
-82;3;-12;-60
-13;55;2;-91
-64;50;-67;-4
67;23;-91;-15
33;-95;36;-11
88;-31;-72;67
-1;-57;31;-96
72;43;-1;45
67;-93;58;-52
-78;56;26;-19
28;41;99;-86
69;-34;-55;-79
-63;81;-43;-86
66;98;-48;-81
28;34;10;-42
8;25;86;-7
-49;-12;28;60
64;61;-36;77
-21;-45;61;-53
-30;-86;98;-67
97;11;67;91
-13;-14;78;68
54;40;20;-12
-54;-32;73;-97
55;7;63;-19
37;-15;-43;-24
18;-20;34;12
-62;-94;48;14
36;-23;-40;97
58;94;-94;65
10;60;-94;-76
-59;76;31;-89
-18;58;-9;63
-49;17;-4;13
-46;-8;-27;-93
51;-33;31;49
91;-93;51;69
-92;76;-55;61
1;97;71;77
-21;-67;-65;42
49;24;-70;-21
15;85;-36;-80
81;47;43;-34
22;99;-85;-56
-71;-43;-68;-65
-75;61;-97;5
14;30;-37;-47
46;18;-65;-79
-43;31;-42;-73
-63;-47;-66;-93
43;32;88;-39
-67;78;-61;1
83;27;49;-78
-98;-99;17;87
21;24;64;85
23;-89;-26;-37
12;22;-90;90
41;87;-92;76
-76;-74;-8;-7
73;42;-27;35
-9;61;-30;-81
69;-86;-80;-44
-86;-29;6;12
-12;-52;-16;32
-41;25;48;10
69;-52;60;95
20;72;97;75
9;-75;-86;79
-48;-71;-5;62
41;-45;-6;-1
3;53;77;-30
-19;-5;-12;75
42;59;-66;-51
93;62;66;-57
-99;-26;-2;96
-84;-56;47;89
-42;27;-40;-41
53;21;91;-96
-68;-50;-92;-83
-29;-9;14;-75
-15;-78;-66;50
90;65;85;-10
-37;-48;61;-33
56;-3;-16;-41
-94;88;-87;54
-65;-71;-77;-79
68;-69;-82;44
54;49;72;10
59;-26;12;93
-90;97;98;-8
42;70;95;2
60;24;-53;34
66;48;-89;-17
-22;60;89;-44
99;-86;81;60
47;-58;35;14
-20;-48;8;-17
85;-10;-50;-91
89;20;-87;-35
-66;21;-39;-55
83;-16;78;-94
38;-10;-68;98
-16;-44;94;96
-84;-61;45;0
-65;-18;-78;9
-84;64;49;-23
-1;-97;-7;57
48;25;-77;-21
53;36;76;-36
-36;29;75;89
-80;9;99;29
-5;-47;92;51
75;12;-69;51
-1;51;-71;-81
35;2;7;36
97;-25;-49;59
-66;16;-56;-21
-38;-19;-63;5
7;-67;-11;7
65;-80;81;-53
-90;41;82;-64
-6;-29;79;-98
8;58;29;61
-77;-61;92;44
-41;-60;-5;79
-91;13;-10;-6
-25;26;-55;-33
-37;22;-46;15
20;-39;27;-44
-8;-85;-35;62
36;-57;71;4
52;-25;-18;-32
-60;45;-52;25
24;-97;-62;-4
-48;-12;61;68
-73;13;39;85
4;-86;-58;62
12;37;-48;-56
75;33;-57;66
42;86;42;99
-56;76;-73;18
-26;29;90;18
-76;-69;-95;-95
-46;-3;35;-76
4;86;-99;38
-66;20;55;3
-7;-95;50;91
59;-29;54;-34
46;61;24;-49
-14;-78;11;74
-76;23;39;-18
32;-52;90;-22
97;-80;-37;55
85;-96;65;23
-79;24;-74;-30
79;99;59;52
-24;38;-42;-8
72;-15;37;-17
-24;-74;15;11
81;-26;70;-55
-85;-28;94;40
-92;99;-20;43
95;-98;-70;62
96;-58;94;-75
64;86;-94;94
90;-2;5;12
-18;80;-20;60
-11;-45;42;47
53;80;-44;8
-95;-81;44;-23
-41;14;-3;71
-44;74;-13;-66
-68;-9;47;94
-31;76;-46;16
66;-18;-42;-72
19;20;-45;40
-41;-18;-90;-84
85;-13;-80;45
-58;28;35;-24
-99;34;-43;8
-6;-54;29;98
8;47;-21;77
27;39;41;23
61;17;57;39
-40;56;12;73
65;-29;-51;44
-29;-97;52;40
-59;77;16;-68
-75;50;34;-26
91;-44;-67;12
-96;-67;-12;-53
45;-3;83;25
70;96;-83;-55
-77;-16;43;-77
97;84;27;6
94;38;36;50
-76;9;-2;-88
82;-16;48;-95
23;-99;69;32
83;-98;99;74
-81;-73;69;-55
61;-29;-90;41
-93;11;-23;-93
29;27;17;-35
-4;38;-76;-64
98;72;43;-13
-51;-87;21;-77
14;-89;-60;96
85;53;-13;67
68;-8;88;52
-92;41;-25;96
-17;5;-63;-55
77;63;75;-53
-16;-17;96;49
50;87;-73;96
-28;-19;-78;76
-60;49;-4;-95
49;-28;36;-58
67;-28;-21;7
37;25;39;-90
74;94;-81;-78
77;-59;-16;-14
-4;-60;-97;12
30;-92;99;27
20;-1;56;33
-91;-68;-4;6
-73;34;-21;-87
-96;-11;-88;-75
-51;-82;-77;-22
-38;99;98;99
-34;-89;9;9
-30;-75;11;60
-28;52;87;-62
69;-94;-99;42
-2;12;94;-56
62;-29;-18;-93
-72;77;-36;13
85;21;-35;20
23;86;-63;-97
-77;19;40;-48
2;73;-44;-57
-82;-20;80;49
-95;55;-63;95
29;3;-18;-8
60;98;74;51
-12;-33;38;-87
38;-98;-80;12
-24;92;-79;-56
30;-69;4;-46
22;-79;-4;5
41;15;16;44
19;-27;-30;-79
5;44;-57;-75
44;89;63;-64
-64;-57;5;-84
-39;-32;-26;-87
35;93;-35;-1
98;-72;70;39
3;-30;-89;73
50;93;-7;-34
31;99;-93;31
49;96;0;41
-33;-31;-81;-21
16;-20;-56;-27
-59;3;-90;26
-91;71;-78;-22
74;3;22;-26
78;90;-15;-58
50;-60;-16;-39
-38;43;-37;39
-6;23;-68;30
-91;-8;-76;-77
-74;37;32;-53
84;67;-42;60
77;29;57;-53
-25;-74;63;-23
83;76;28;-23
95;82;-88;-2
-59;-30;-67;-15
40;-8;-31;-18
-21;-1;-52;-59
-42;-62;-42;83
81;24;-16;32
85;-84;-35;-32
60;55;46;-67
63;46;-73;-56
26;-66;-93;14
34;72;-79;-14
-39;-25;67;75
78;22;-81;45
19;45;-5;-28
-1;-21;12;-75
-94;64;25;84
45;-64;18;33
-28;-95;14;-75
-68;43;-51;-90
4;97;-28;11
-51;-11;-10;-62
37;-98;14;-81
-48;55;44;-52
21;82;8;70
-52;-64;40;-75
56;-65;4;74
-92;93;14;75
-4;-14;67;1
-92;-98;76;17
-25;-13;-52;44
22;-1;-19;16
-40;-33;3;-50
-65;-21;62;-31
-42;-53;54;-86
85;16;-69;43
-12;38;23;66
88;-57;-60;20
-94;91;-4;60
88;96;3;-43
53;87;14;40
-9;-36;40;-82
23;-1;-56;61
-53;62;32;59
-43;4;-44;83
76;15;28;-82
-73;83;-56;-56
83;-97;-20;-39
43;-2;-40;97
-98;-10;-47;-76
97;6;-57;-10
98;-21;-27;-57
-41;37;4;-15
41;19;-20;-61
-41;-4;14;8
-79;-3;-65;21
-81;83;-82;49
3;34;57;66
-48;-68;86;-29
-27;-61;-81;47
10;-99;84;-53
-2;95;20;-76
-82;-78;39;5
76;45;-97;1
-29;21;-29;-84
-38;24;40;25
79;37;-67;9
33;-90;65;-79
-22;66;97;-79
13;88;-77;-77
-37;93;31;-18
95;-48;90;7
-70;-15;99;51
67;-96;-14;85
-40;-41;-33;61
62;-88;-10;-91
-44;18;-72;-90
47;82;88;-17
-1;-51;52;-32
93;-41;30;28
46;26;-20;-52
-89;-85;-46;-25
-20;-88;60;-46
21;-38;-40;-48
3;23;-73;-23
-76;81;59;-53
-3;16;-47;18
-49;-81;92;-98
29;38;-85;-63
32;-58;97;-59
-36;53;29;35
-77;34;62;-63
-68;-47;5;65
67;-67;51;-6
62;35;-76;-38
-80;58;24;83
-53;-76;20;-39
25;85;-86;-29
-48;-75;-76;62
54;-84;30;50
-45;22;69;-23
-66;-51;-30;-1
-9;4;-21;29
29;-32;15;-36
-89;78;89;64
80;3;45;-53
-60;-66;13;42
-91;88;40;46
-94;-27;-92;-3
88;-53;50;97
54;-79;70;-78
6;-16;42;84
9;60;52;76
-73;65;70;51
77;23;-62;99
36;27;-10;3
64;33;24;-44
-39;-81;-24;63
-72;91;-90;59
33;24;40;55
-8;29;-66;-51
-63;64;20;-60
3;-44;20;-34
-90;51;-38;-72
31;-33;-43;73
60;-14;24;-9
-16;88;48;-65
55;-89;-81;-46
82;-17;7;-93
-7;-59;-33;-99
-86;-15;53;-95
-1;-90;54;-23
29;82;-71;-34
-33;66;94;-94
-95;43;65;-52
-84;-15;-16;-8
-63;-33;-17;27
-56;-44;34;-10
-99;-43;60;-24
33;19;91;-25
-66;-29;5;73
82;53;86;-83
-12;1;-98;50
-24;-81;84;28
-99;-39;68;-68
27;-72;-66;-26
-52;38;-35;-89
-93;18;-27;-14
51;-10;-86;45
79;10;9;-17
-20;-33;-61;42
-46;84;-86;82
-27;-68;-25;-28
50;60;47;-93
-62;-68;25;-55
-12;76;-89;69
-71;16;98;85
-95;-61;49;-9
51;-15;52;-40
88;-9;-79;-36
24;-17;38;74
-57;-99;35;91
43;-92;8;48
85;-35;94;4
-43;-31;13;38
85;-71;77;-66
-17;84;20;-34
-92;-12;-82;46
-89;-38;20;-94
-61;-64;26;-72
80;-92;-57;97
31;-98;6;-13
-10;-52;-96;20
77;-17;-21;-4
6;4;-9;-41
-20;-30;83;-44
89;62;37;23
45;89;-34;-79
42;-14;57;77
85;79;2;-18
-21;-66;75;59
-16;-2;68;28
82;-76;-1;34
45;-32;48;11
-76;87;-91;69
-36;82;41;0
82;82;77;-8
25;1;11;26
-98;-90;79;-53
-5;-76;71;-9
93;-91;40;21
-9;31;-24;-26
37;-53;53;98
71;33;-82;-3
-8;-25;77;1
21;-24;-97;-18
13;73;32;35
-11;1;-83;-99
-83;18;75;-44
-58;-80;-90;-48
7;3;54;-21
47;13;55;-31
92;-17;54;-80
-53;-30;70;18
-94;-41;-91;17
98;41;85;-63
-70;53;81;-46
58;61;-44;-27
-35;25;94;-82
21;24;35;-99
-81;-36;43;-93
47;96;53;46
47;-42;-50;82
-88;-7;-47;65
18;18;-51;93
31;1;10;-69
-72;-19;55;21
-25;52;97;-18
24;-92;-1;35
98;79;-11;-66
99;-64;6;1
12;-27;-39;72
-27;-71;0;-97
-25;41;-30;17
53;12;79;-34
-58;-67;-28;95
-39;67;-41;-96
93;18;67;38
-70;-84;94;-5
95;-90;19;54
-80;82;-51;-54
-47;94;-92;83
38;81;81;-14
-99;-77;92;67
64;11;-59;44
-86;-42;78;55
-38;61;73;-41
46;74;22;43
93;-75;-54;-41
84;-74;42;-34
60;-24;-34;-88
36;-18;38;-93
-76;-72;31;-16
69;74;41;62
-96;-7;84;-8
-78;48;-63;63
-40;-62;-8;75
77;33;82;38
69;74;84;38
92;66;-81;79
-77;66;-64;19
-56;-62;73;-80
-16;-16;-45;-9
-58;-50;-55;-88
-61;2;52;-2
89;62;-70;-10
-55;93;15;95
90;-97;69;-63
-26;-95;-31;-45
12;18;20;-78
-36;-27;-8;-7
-22;-9;-3;19
30;72;-1;-9
-85;21;90;-40
37;46;-26;-49
23;78;-71;-19
14;-82;-83;-63
81;90;0;21
81;31;-66;17
-29;36;-88;53
-4;96;-34;-82
4;-21;-77;53
-85;-90;17;66
-55;-30;-2;-14
-56;-89;79;-40
-25;-39;38;39
-27;77;9;-17
-13;-26;89;-98
34;20;54;26
13;-89;77;-65
95;-36;-78;71
-27;33;-23;11
-67;48;-27;-40
56;51;-21;-64
-41;26;45;26
69;39;-33;41
-80;16;-68;24
16;72;73;-67
-66;44;-35;-89
-61;66;-33;39
1;97;-49;39
-99;29;-55;82
-59;19;-32;86
-34;-49;-35;-44
96;-19;52;56
1;52;95;-39
74;-60;-74;-88
-13;-31;96;-7
-41;-93;-74;72
-11;28;40;-10
-28;-51;-16;96
4;86;67;83
-20;-90;-85;57
-85;10;-62;48
-97;89;64;60
4;-67;-4;72
22;75;27;-40
-75;-7;66;-31
40;-38;-15;-48
-31;99;57;88
-27;-57;32;-23
-45;-61;-22;49
68;-22;70;-1
63;79;86;-60
53;12;-26;28
-41;8;59;86
-57;45;-83;52
-74;85;-21;-97
-67;75;-12;-39
-3;78;-9;46
23;-32;5;61
-25;-54;-1;57
25;-71;30;65
-16;46;-65;9
-78;26;23;82
98;67;-33;88
-8;25;39;34
93;90;-68;-20
-83;-87;-36;75
-60;-44;-22;80
-14;22;-22;-95
-54;22;77;54
83;-91;-38;71
-44;9;48;56
-99;17;-31;49
6;65;63;34
96;-50;49;-29
-18;-40;-30;66
-52;43;-4;-24
-11;-38;42;69
48;85;50;85
29;-40;-75;7
-36;7;74;22
87;29;-26;21
59;43;-92;96
73;7;-28;24
39;-4;24;12
-87;-28;-33;39
-84;77;-94;36
-74;-58;-93;75
-14;47;78;19
-30;75;17;46
-45;46;95;-59
13;-74;-53;-66
36;12;-5;92
-59;-64;47;-12
27;52;6;81
37;-29;70;32
17;-95;-57;-62
54;20;-16;-71
4;60;-91;89
31;72;-99;13
47;-85;34;-49
99;-9;91;18
-31;36;-91;83
75;-36;41;-83
88;-45;16;31
-30;-43;-62;20
51;19;84;67
43;17;-49;65
-29;-43;85;-15
62;87;91;-74
-86;25;68;-81
12;1;-47;-60
-81;92;-98;-24
-44;-31;-56;-10
76;-85;0;-19
7;-76;74;52
-15;-56;12;19
-21;-43;-46;-99
-36;-9;18;45
-12;-81;-91;-50
-34;44;48;51
15;75;10;-97
-86;-5;8;47
-12;11;19;89
50;-84;33;-32
88;34;61;62
38;-99;-87;65
50;-1;-98;58
-93;-50;-84;62
-24;-77;-63;10
34;10;6;84
48;7;13;52
71;28;94;-28
-15;40;-38;31
83;85;-86;15
62;44;-47;14
-7;50;41;-61
-4;56;14;28
78;-76;34;-21
-71;77;-85;-68
-12;-40;93;-78
5;29;-27;-34
88;-16;79;-10
-90;22;47;89
-42;91;-9;97
65;-25;-43;-84
-85;-33;-6;-38
-93;82;3;-94
71;82;-72;3
51;-69;-90;63
-22;-25;-50;-87
76;-76;19;-43
-24;44;-78;-62
-14;-83;-34;-86
-97;78;-93;-61
-64;-89;-40;-94
80;73;18;-72
-5;-56;-61;-73
82;28;19;-9
-75;-55;-61;91
47;-63;86;-38
61;-34;20;54
16;-86;1;72
-76;71;27;-32
-85;-55;-68;-97
5;-8;62;-68
6;94;-45;58
-3;75;88;57
39;-84;-9;99
-75;98;-56;15
-46;63;11;-19
43;-34;-96;-89
-99;-48;-24;79
-86;-64;-14;-44
-25;54;55;67
-89;62;-42;41
-75;43;-66;-92
-20;28;-57;-84
-99;16;49;41
80;-19;-11;-60
91;-55;57;-55
-1;-90;44;3
30;-65;24;-30
-57;-23;5;-8
6;70;-44;99
-67;95;31;-27
-91;-40;79;-3
-13;44;-24;94
-34;16;75;66
-95;-87;-58;-84
99;30;-23;-54
-96;72;73;24
-88;-42;-64;-90
-75;-11;-93;95
13;-16;-63;-61
-69;-53;-83;86
59;30;-95;27
1;39;-13;-6
28;-60;-99;3
18;-15;-31;-64
-13;-45;-14;-71
9;-34;69;76
9;80;-47;21
76;-97;85;52
13;-9;-14;-26
68;-54;-77;-28
71;41;-19;84
-11;4;-22;-72
-84;-99;51;75
61;87;-22;-6
60;-71;-81;21
-13;66;18;26
-45;-52;89;-72
99;95;-32;-58
-67;-86;-42;67
84;84;-13;-95
3;-75;6;76
-48;-89;91;26
-87;92;13;39
-72;2;85;-95
-77;55;30;-58
15;-50;-71;-80
32;10;43;47
29;10;9;76
42;-86;-81;-38
-39;42;-25;-56
-44;-36;-85;-93
-18;29;-85;31
-71;-47;44;-71
-46;-54;-10;-47
95;-14;-56;41
-32;-55;96;2
-17;36;97;-86
-17;24;44;-19
-19;-14;85;-49
-64;-78;37;-97
-4;-87;19;-24
66;-19;22;-4
24;65;-34;74
-2;33;76;-88
-32;12;23;45
32;-99;-52;4
9;-36;47;67
-39;-61;-82;73
48;-58;-54;-45
26;20;36;-97
-86;1;-10;18
-42;69;83;48
10;73;83;23
-1;91;-30;-5
65;-85;67;3
33;55;-64;-15
48;-8;-73;-44
-13;21;-15;48
76;21;32;-68
11;30;-53;39
-20;99;-42;-13
-44;-5;-25;56
71;51;-10;12
52;-66;-31;-41
-35;-94;69;65
43;27;-39;88
-11;-64;46;77
-40;-61;84;-65
67;-71;-77;34
-3;49;-71;-46
-82;-30;-15;36
-69;73;95;43
-47;-27;66;6
60;-19;95;53
38;-30;98;-79
48;-2;-3;32
67;-44;44;24
-89;34;62;15
76;16;48;-26
-58;24;57;15
-60;-96;24;87
-28;-22;-25;-14
-67;-31;95;-73
51;-91;5;19
73;52;69;75
-70;-28;32;18
10;-49;29;-56
33;22;11;-85
12;-17;80;45
73;9;-39;-11
80;-42;-9;41
38;35;64;68
-88;-71;1;-10
55;81;-14;68
-29;-93;-23;-78
49;-69;53;11
57;81;14;-31
-72;59;45;-36
-8;-19;95;71
80;90;79;75
-13;60;-67;4
-78;-78;-41;31
97;-87;-25;67
-68;-61;39;49
5;80;84;57
-79;-4;41;-48
-16;-63;98;-26
86;15;87;-20
-73;2;34;88
98;-51;-10;36
22;83;-29;-84
-15;78;-67;-47
41;-54;-34;-99
-93;-77;54;91
-80;80;-79;84
-76;84;44;-18
-75;94;41;29
5;51;51;-43
-10;-52;-65;-62
-75;26;67;5
-95;45;33;41
-50;86;-27;-96
48;43;69;-82
-71;5;13;37
-61;88;90;-10
-62;3;48;90
-6;-90;10;59
88;17;66;-6
-86;15;80;-22
-48;-96;-67;-62
21;37;80;61
81;33;-71;85
34;-3;98;-64
35;-23;-32;1
97;42;-53;-60
-23;14;-84;-68
76;-25;-95;13
24;-64;-14;-65
55;53;69;1
22;86;-91;60
80;25;-75;-8
18;31;59;37
-52;-20;-20;9
57;92;61;-93
21;49;85;7
29;16;-39;-1
-89;63;-20;82
7;66;78;-88
34;-14;-40;51
-10;24;13;-54
16;-32;-35;-55
55;76;-22;63
91;62;79;73
-99;2;-68;-35
-36;25;-19;55
-49;77;-70;-19
1;-32;75;-29
33;-90;17;97
-64;39;90;-38
-49;-83;43;-65
-14;17;90;45
87;-94;-88;-67
-45;94;-12;64
-57;58;95;39
-61;83;44;-12
-98;-93;-70;82
-54;81;37;-39
12;69;-86;-52
82;-53;-31;33
86;-16;-6;-4
-43;43;-83;39
21;52;55;-22
44;-49;-76;-32
-27;-44;-67;-21
-12;-92;0;-94
-32;50;21;-15
80;-59;82;96
-11;-38;52;54
-10;-51;-69;-41
90;-9;-39;-7
-73;-41;17;-39
46;46;75;26
-86;89;-54;79
84;-12;-72;7
-77;32;58;-19
70;58;88;-17
-2;-31;78;-75
-75;74;-11;96
47;-93;79;-90
-66;-40;38;-65
-34;-44;82;-1
-84;73;69;-98
-79;24;-63;-42
32;79;23;-32
-29;-66;62;-23
67;51;2;-61
1;-51;-67;78
9;-81;-27;62
93;23;-84;14
76;-11;-32;25
38;-69;-35;67
-16;11;38;-99
-3;-39;-33;14
53;43;98;66
41;91;-8;-97
-49;-26;-35;-91
64;-91;-8;81
65;-62;77;90
48;-97;1;-30
84;-34;-6;98
-20;-27;-35;32
-43;1;60;-67
-9;2;84;9
-15;-99;-51;-36
66;-44;-97;-25
-81;57;-65;-40
-16;-24;66;51
-57;29;81;-24
-3;-6;23;78
-91;32;52;-37
-52;-40;-9;-36
-47;-31;6;47
53;-62;3;29
-37;-80;79;23
-61;-95;-51;80
34;-90;90;61
20;9;-88;90
-23;-29;-45;-66
3;40;-73;59
-34;70;-93;-84
70;-81;97;-94
-74;-48;-87;-22
14;99;39;-95
-16;72;29;-61
-30;29;43;44
-43;15;-29;-17
82;-31;-73;23
92;-79;-42;-32
97;-66;-89;15
-88;85;35;-31
-4;34;-23;-23
31;-49;50;31
-88;87;-11;36
-72;-37;58;-45
48;15;-77;56
-74;-10;-15;-7
42;-28;-93;-49
62;-86;-72;-15
94;-25;-51;23
-61;93;51;31
19;-4;12;-95
31;21;-59;35
-25;55;66;-4
62;79;-56;-94
-51;83;35;-40
60;-95;42;53
-86;-65;-83;55
64;-8;-62;29
78;-19;62;-78
-69;-29;75;-93
-53;32;22;-85
-68;-56;-25;-45
-41;-9;-13;-80
27;14;-55;26
79;-12;21;-59
38;-88;31;-29
42;14;-73;68
-78;13;-71;73
24;62;51;-71
-17;27;21;70
59;62;-3;-26
-95;-82;-97;-35
-64;-64;-57;43
49;35;-32;-64
-99;-48;-27;17
-83;7;-67;45
-38;13;-5;64
63;-83;-56;-48
66;51;-19;76
14;-42;-34;24
12;62;32;86
-29;-14;-75;89
-6;16;-72;-69
-45;-95;53;-47
29;52;-88;-9
23;-62;2;-80
91;90;77;98
-46;-9;21;43
85;49;-94;-45
75;-53;-26;76
-11;5;-30;-53
88;-86;97;61
97;-71;-52;61
-54;75;-99;-26
-39;13;95;-19
8;-74;36;-96
94;-15;-55;5
98;-1;-22;-18
-21;-64;-97;-81
67;-45;-69;77
93;-84;-99;-74
-56;60;-3;-89
48;31;93;-38
-48;93;-32;-37
69;-33;-47;4
68;-8;62;-2
50;65;-17;-89
72;82;7;-94
-18;-82;-13;-7
-74;10;59;-66
88;-65;57;-32
6;-84;-69;-15
67;39;-51;0
-98;27;-90;2
-47;3;-25;-22
-23;-14;-62;65
-75;88;80;-66
6;75;-62;-41
8;-81;15;34
35;-5;92;35
34;98;-56;-66
34;-93;-95;55
-91;85;-60;23
-64;-19;57;3
96;91;-57;17
-65;97;78;92
1;90;92;82
-88;-24;66;57
10;39;44;-21
-57;-96;-68;-81
83;-74;-75;21
35;15;-76;-73
-38;-87;37;43
-47;-25;0;37
-80;-48;32;43
-86;-78;43;33
-81;-18;-87;-4
37;-21;-39;92
59;-75;34;-90
72;-42;-43;86
66;66;21;98
38;-76;5;-65
-60;-93;-41;90
-28;-12;-95;62
-18;-8;2;-46
2;28;-11;83
52;44;84;-72
41;-9;64;62
94;46;77;-52
1;44;94;95
77;77;-43;30
-80;-30;21;-29
-79;72;28;-20
55;-96;-16;-61
-23;37;-53;93
-60;-23;-6;48
-57;-3;95;25
11;56;-39;37
-2;7;-24;24
-28;59;64;-18
-76;13;-92;69
62;-16;-93;91
-38;39;71;63
-2;-99;56;0
-16;8;-12;22
-26;96;60;-36
11;90;82;-51
27;60;66;18
73;64;70;26
-31;25;85;58
-9;-95;-37;72
85;-3;-60;-3
51;76;-59;64
-29;-58;-91;-72
53;44;-42;72
2;58;-35;2
72;-46;90;33
-69;-70;-69;59
22;30;-68;-30
33;87;-21;-85
51;-14;-2;51
20;-97;-53;32
56;43;72;25
-33;-86;-43;32
39;61;-99;31
7;7;-33;21
45;-19;-57;40
-90;39;-6;66
-35;-56;-78;-84
-39;14;81;69
-93;-42;76;-13
-42;5;-8;8
-26;-1;30;71
87;47;7;-56
-80;76;-94;-61
60;6;22;-82
-51;-93;-40;-77
92;-59;-28;-74
79;-69;25;-51
30;79;-37;-60
88;34;-33;10
-91;23;78;18
36;77;96;-16
9;43;-91;0
35;59;-62;-49
-54;-30;16;-67
-72;4;91;56
-77;-41;14;-60
13;65;-50;-73
-60;-87;-91;26
-71;42;-13;-85
-55;88;17;-63
-78;-75;13;71
41;-87;94;19
-81;-65;-17;4
32;-78;-5;-22
-36;56;70;43
-7;82;-39;23
50;12;-77;3
82;1;88;-60
87;55;34;98
45;42;-2;1
70;30;-92;-94
29;4;94;-93
-52;-91;51;-11
-82;73;43;-60
64;90;-79;-70
89;-8;36;18
-54;-56;17;76
-13;-3;33;21
-42;-30;73;62
74;-44;93;-54
18;-84;-44;74
-88;-5;-66;55
22;-31;11;-21
93;-10;59;-14
87;-82;19;50
-24;-70;-69;48
99;80;-35;8
96;74;11;73
-64;62;68;46
-78;2;65;91
-37;78;99;89
58;-5;68;-15
-4;8;-42;1
-4;5;-2;20
-31;-26;-85;-68
-69;26;58;47
57;37;-57;-68
22;-87;-35;-14
-47;28;-12;-2
-70;-58;89;5
-88;79;-87;-11
17;-89;-22;31
-35;-52;-23;48
-12;33;61;37
-80;-47;-68;-78
-47;37;63;-16
-56;72;-52;68
-82;-99;-9;-72
-16;10;-80;-49
13;-30;-69;46
-40;11;66;-26
35;16;98;19
66;50;-22;76
-90;68;-48;-26
-83;29;-54;44
62;9;13;-36
57;-50;-36;77
14;11;-76;50
-77;-15;61;41
71;-11;48;27
74;29;-97;-33
22;14;-82;16
-41;45;-66;84
-76;-14;83;51
97;3;17;-14
-47;-79;-94;-44
27;28;54;25
-92;10;3;28
80;19;69;-66
6;-53;42;-56
-68;48;19;68
-23;-61;26;37
1;-89;43;-32
71;-38;-26;53
24;47;40;94
60;-7;9;48
-57;6;-95;5
16;50;-55;51
61;-26;-46;5
2;-63;78;-12
-97;-83;-76;96
67;-65;56;18
-55;-84;10;59
7;47;-17;39
-60;71;26;71
-65;-79;-79;51
65;92;7;-2
-91;69;-48;-12
68;-48;91;43
-31;12;80;-92
49;-14;-39;0
-59;-14;-56;-86
90;14;-34;31
10;-92;-46;81
96;-27;-68;74
28;-42;10;-24
64;-77;90;-44
55;40;-29;27
90;19;-78;48
59;20;10;-20
48;-6;8;-6
4;21;77;61
98;-89;46;95
-20;-94;-20;-9
76;85;36;-81
-5;88;-42;-50
-56;38;40;91
85;5;-78;-23
62;52;-73;-66
50;-84;71;-56
-55;-70;-43;45
93;-25;-52;84
-60;30;72;74
84;-8;84;59
-63;-42;-49;65
80;85;75;-7
88;-30;-66;28
79;-54;41;60
-86;-7;73;-35
31;12;-44;69
-10;56;52;-45
32;-52;-7;-29
67;-32;97;-8
65;-94;-37;-40
-45;63;57;24
-58;20;-94;94
89;-88;61;-8
19;20;-72;24
-98;-18;-24;-75
-66;20;61;41
77;62;60;12
-51;-51;95;-92
-70;14;-89;68
54;32;27;70
51;58;-34;20
-13;-98;52;-52
-60;-27;-9;-17
30;-61;-74;34
-97;-83;46;-21
59;-6;45;41
-84;53;-38;-94
10;-40;70;-30
54;5;-26;-24
-45;-59;-45;76
-89;13;-28;75
58;12;-23;90
-12;-24;65;38
85;-51;-88;-42
-87;24;5;33
39;46;37;80
3;-79;29;-74
65;49;-21;61
62;70;-32;-53
-78;70;82;3
-24;-28;17;-66
-6;-68;-16;5
-6;-83;-36;30
36;21;-63;-36
75;-8;-27;37
83;-48;-75;38
96;-96;76;-85
80;64;-64;-57
41;-98;-43;-33
-70;3;-14;-29
37;-76;31;49
-14;48;-74;-59
33;-95;-29;29
-3;-54;20;-75
-53;78;-63;-9
-44;-31;25;29
80;-78;88;35
-35;70;-66;-27
-93;-97;-99;59
20;-24;-47;-51
78;35;-18;76
-6;6;45;-4
-19;-68;-79;-48
-33;94;-85;-32
-1;-97;69;-36
59;-9;76;63
70;98;23;-5
-55;61;5;71
25;88;13;21
87;49;-65;-26
-24;-7;-46;-67
49;82;-94;-88
87;33;-40;17
6;88;-11;-13
58;18;-94;-4
83;-49;-49;20
27;-50;26;-22
-18;-6;-20;49
67;-5;88;-33
-63;44;-85;87
92;11;7;12
1;87;-35;36
-1;-74;63;-30
43;38;-10;-74
-58;34;6;0
-43;28;29;-6
-47;10;50;-88
-99;-77;-50;-85
4;-81;4;-28
43;38;-81;39
84;89;78;-43
30;-89;-93;-70
-94;62;-75;3
-61;14;31;-36
82;-86;-40;90
-62;-46;36;-23
75;49;65;25
-66;-82;-18;3
15;66;15;-33
49;-27;63;-58
4;21;-94;-61
97;46;75;89
-13;-59;-10;30
-21;-71;2;31
-46;2;-19;81
-54;-19;95;87
-20;22;88;-27
98;-35;15;9
-50;-81;-13;17
-52;-3;-21;-71
73;75;-62;93
28;52;-75;-13
-36;84;-87;-52
91;81;96;-77
25;-81;58;-24
58;3;90;-77
25;80;-20;-39
42;85;-16;56
-77;-47;-91;-30
-57;-98;-41;28
-3;2;-91;-85
-48;-32;18;-31
-78;-36;91;-71
39;-96;-29;-30
84;-84;-32;47
-28;64;44;-21
72;26;80;24
60;-70;78;-44
-5;76;70;-42
-37;-88;-61;-22
93;-45;-82;-81
82;39;-14;-73
33;12;-43;33
57;30;15;96
-57;79;-4;-5
-16;-32;-31;10
-75;-85;75;-91
-54;-89;-16;-39
25;-34;-15;-55
-61;-94;56;-66
-59;53;90;-52
73;-54;-2;64
-39;74;-84;-16
16;43;94;26
86;7;94;67
63;-23;81;23
-72;96;-92;-9
-54;-30;57;-63
-77;-38;-46;31
-23;-79;37;78
16;-89;47;-28
94;-99;45;81
-28;58;-41;31
-88;89;-29;64
71;-32;-79;76
-61;-92;19;91
-82;79;-39;-46
-11;-36;-51;65
70;-84;-49;52
29;10;29;-73
-48;-74;-80;-13
-89;-74;-75;-67
91;-10;59;-90
-99;60;40;9
-8;55;-45;-84
39;-9;-8;-92
10;-7;61;96
38;18;-65;-38
39;93;25;-87
87;-67;81;91
54;-72;-38;99
5;-60;65;-89
-25;42;-39;74
-44;13;-13;60
33;-87;77;17
-36;-71;-5;-26
-44;-2;-29;-92
-65;28;21;-40
74;-37;-39;11
-71;-7;2;-30
28;50;21;96
-42;-39;-93;-74
6;64;-21;75
-45;-36;27;25
33;88;44;-92
68;58;75;47
-79;-98;99;92
-48;76;32;-59
10;7;88;14
8;-2;-83;94
-9;-54;1;-30
-50;46;-95;11
35;35;78;-60
49;-5;2;70
75;74;76;-44
-38;-86;73;30
-67;-61;-35;48
-25;-86;-82;-65
72;49;16;23
-43;6;-2;-26
96;-12;-42;16
97;-8;-9;-85
-94;-82;38;34
22;60;33;-22
-28;71;-63;-88
-19;-44;-64;21
18;43;-33;-99
79;78;14;-31
-24;2;-40;73
56;-43;32;41
47;-49;43;-43
-25;-16;13;-87
-84;-62;-49;-14
-31;-14;93;41
-48;36;98;-45
-75;-9;-64;-73
4;-30;-42;-79
-61;-4;-36;-69
13;79;-54;-65
-69;-45;85;41
28;-72;-99;90
9;18;21;-80
-42;-22;16;-43
-85;17;52;-94
-74;-7;12;-45
16;-64;-53;73
-77;62;-71;-27
-10;64;-76;70
6;-5;-1;-24
-31;-32;11;82
-60;2;57;60
79;-92;-83;96
-73;-60;-91;38
42;30;-75;-8
81;-73;67;46
-10;-52;29;-6
-46;46;50;19
-82;-23;36;58
81;30;-84;-86
-22;-13;94;-85
46;-68;-53;-50
55;-14;-71;75
-29;-93;-5;-58
73;-37;7;-67
-43;-2;78;50
4;-50;56;-88
15;-89;-86;-6
-67;53;-99;-42
-98;-21;38;67
18;75;-52;-88
81;-6;-41;-83
-61;-76;-59;-84
79;61;57;-51
-46;-3;46;6
30;-83;-39;-40
92;-99;-90;47
64;-66;90;-6
24;39;15;-18
-50;67;68;-90
91;39;73;-9
70;98;15;-28
95;52;-95;4
32;-67;-62;1
14;88;-81;81
-15;12;-47;-94
-67;46;-9;-59
-53;-25;98;-13
28;37;14;90
-56;70;-10;93
-14;38;51;-88
-70;-14;61;-8
1;-86;68;-39
48;87;24;-20
-13;68;-42;-75
8;-26;-74;21
53;17;76;95
19;-53;-43;44
-1;-75;-5;47
60;-59;75;47
84;99;39;-67
7;38;39;41
-87;-66;4;-24
12;-35;-14;-87
12;-69;-41;12
10;66;72;-45
56;-75;62;23
-8;77;19;-54
92;11;-60;9
34;93;-86;-84
78;-65;82;-15
42;81;-68;-66
39;-17;-65;30
82;-36;-63;-82
-73;-15;-24;-17
75;-84;-51;-64
15;-41;-16;-99
-74;76;-22;19
-83;-56;34;-25
84;-12;12;75
92;29;84;-90
42;88;-36;29
-26;-78;-17;-51
18;31;-60;63
85;46;70;-16
-2;-68;-91;62
-95;15;14;38
29;61;-66;38
-68;-60;-6;26
94;54;27;-96
-6;-71;-98;-14
-96;70;-11;-61
18;-72;-23;61
21;-78;-95;-73
-25;25;99;12
88;44;-24;-82
-60;93;32;46
-47;-56;-11;43
4;-95;-31;75
14;-72;35;59
-27;95;-79;45
-77;30;26;-90
-65;-33;-49;-30
55;-85;-85;50
53;84;-54;-90
-61;43;85;-26
38;34;-43;16
53;-70;13;-53
89;-59;-60;93
23;30;94;10
-32;22;12;85
93;-80;88;-10
89;18;-77;30
82;25;20;30
-90;47;-92;-11
-27;-90;-43;-94
54;-96;-20;14
74;-78;-73;-76
89;35;42;16
-69;-99;-19;19
45;67;27;-65
-93;83;-35;-35
20;10;83;76
23;6;-63;-42
-34;7;-69;89
40;-26;15;67
-9;98;40;-53
83;-96;-1;-91
-34;-11;43;6
-17;-78;98;71
39;-84;93;-35
-62;-49;1;-16
-1;-16;-49;24
70;-9;78;-28
-48;59;43;-91
-57;-82;-19;17
-88;75;10;-66
62;30;75;-55
8;-40;-50;24
-20;-50;30;-59
-2;-44;48;-1
53;74;-61;74
10;-28;-45;24
-22;90;28;21
34;-23;-46;-37
40;-33;22;68
9;-94;-84;10
-59;-45;91;-98
-70;2;10;86
-30;82;64;-63
36;35;24;-9
-24;-48;66;18
31;29;90;-97
96;-33;1;-68
34;80;90;47
59;28;33;-44
-20;-47;-5;75
-20;41;-48;51
13;-83;26;-95
42;-69;-8;-42
-60;-3;79;12
-36;88;-94;62
-98;-21;-48;-10
92;-83;-22;-91
-98;-31;-89;-76
57;90;-61;89
-22;-61;-10;79
41;-4;-11;4
-12;32;8;-38
48;-78;91;-9
-53;32;73;-99
-11;61;59;-4
39;18;-97;-26
-79;-32;1;-51
-41;89;-65;-75
-1;-74;-78;6
90;48;-98;-40
9;-84;-40;80
-22;20;76;-75
-83;-62;0;16
-20;93;-59;-76
-7;-84;-17;-79
-68;-41;-96;59
87;66;91;-78
11;-32;-89;40
60;-1;87;23
-42;-77;96;0
-9;-24;-68;-79
-10;18;45;5
84;98;-87;75
-34;81;-72;-49
-87;1;93;11
28;55;14;49
-72;59;56;80
-93;17;65;-29
-80;83;29;56
-72;82;-30;-31
-79;-13;-63;12
-44;-64;-25;79
-29;36;10;57
-71;-15;72;36
62;-17;93;30
62;65;-1;-33
-67;41;55;-18
-48;-28;-77;-69
-68;24;-10;-58
18;-98;-7;91
-16;76;9;-30
-92;-92;-57;34
-89;92;94;44
89;39;7;-44
88;70;-20;14
-20;93;27;98
14;-20;26;4
95;31;-81;60
89;-98;-54;85
-44;-71;-40;-74
-1;-78;-28;-40
-22;-22;-58;-8
-82;-65;-46;47
22;79;12;-9
-50;10;56;27
-18;38;39;-20
73;-66;55;87
-6;21;99;59
10;-46;-84;-41
21;-32;21;-64
-61;-66;-13;61
-23;-29;-61;-89
-10;54;36;46
-28;33;43;61
-17;92;-14;-55
23;-46;98;-3
-65;-6;-62;-32
63;-46;70;81
89;21;-11;-51
-48;77;-97;2
94;44;-3;39
84;-46;-13;77
11;-46;75;29
81;-24;12;84
-65;89;26;83
-66;71;-53;-63
84;54;56;51
-55;-6;10;5
89;83;-50;78
57;-40;13;80
-93;-39;56;9
-22;-59;-99;13
-90;4;-86;-38
-49;-80;-31;-76
-2;-39;54;-70
-2;36;32;-82
44;-29;39;97
-74;33;-72;75
-24;46;76;73
-85;37;59;43
54;-57;42;40
-19;-52;-46;70
15;-74;-19;-3
5;-16;-17;-29
28;39;65;-92
1;-96;-13;-24
-23;-62;86;5
-57;-4;-90;60
1;-88;-25;-45
94;92;36;-3
-83;69;-18;99
-47;31;-29;92
-36;6;-55;-25
72;51;-57;51
55;-33;-36;-57
-38;49;27;-80
-83;20;95;-7
-91;-71;-24;35
-97;-31;91;31
21;-13;-77;46
66;93;-58;37
-49;34;88;50
69;24;-1;28
29;-6;-65;-32
-57;-37;83;33
35;77;84;-65
-70;10;-27;3
60;11;-70;-31
-56;17;-24;-32
7;89;69;-18
32;-55;24;-16
29;48;-93;9
-66;23;-11;-42
4;-10;-89;88
-90;-93;7;41
-38;-15;89;-41
-6;-69;-16;-88
-82;66;60;-47
-7;1;-98;-10
3;63;-30;-63
-78;71;64;54
7;-13;-41;1
-17;-71;-79;-53
-44;-34;89;-1
-36;95;-9;-33
63;-64;65;-96
-11;20;35;10
1;-75;-62;-2
-84;52;-63;22
-34;30;5;30
8;-40;70;-35
-20;54;-65;87
10;-93;-81;8
-27;-97;-26;86
-93;61;-35;86
51;48;99;-42
90;22;-68;3
-70;-33;-66;33
-9;60;58;3
-14;48;99;-5
-93;30;-74;-87
-21;-49;15;5
-35;18;78;59
-40;13;-26;57
23;32;57;-57
73;-15;-82;12
-55;70;21;7
-62;31;1;-96
49;5;-49;-39
-3;-81;-75;79
51;28;-32;72
81;99;-56;52
-74;65;-88;53
91;56;22;21
13;14;68;8
29;-91;-33;34
-83;75;-89;55
-38;-86;-39;4
7;78;-9;-55
-83;-55;30;-54
27;68;-19;-27
19;47;-87;92
82;29;48;83
-49;17;-50;43
-38;34;55;-93
88;-12;-10;-87
5;7;-53;-87
-34;-23;5;-32
83;23;81;61
27;94;-85;-30
63;-81;72;33
-35;-23;-47;90
28;48;83;-17
-11;24;-43;-61
-21;-31;68;-87
1;99;27;5
-75;-20;99;28
36;-11;-84;-32
19;-14;-57;70
16;57;47;-72
-45;-44;-15;17
-6;-77;78;-40
-34;42;-17;-42
-74;-97;68;64
-9;-33;9;84
-23;25;-45;-60
32;16;63;-96
-19;-14;23;21
22;40;58;-55
15;-90;-88;-97
2;40;-38;93
-94;57;-58;17
17;-21;-21;-51
-51;62;50;29
-99;-55;85;78
-41;75;78;79
-80;61;36;-14
-55;23;-51;-19
-44;7;-17;37
-37;-38;-66;74
-26;-53;-14;-97
-92;-26;-27;59
89;-71;-55;-30
-75;-67;43;26
62;-18;73;-55
-78;56;-28;93
-70;97;92;42
-20;-86;-34;39
-89;-89;4;-87
-10;76;72;45
-12;77;-4;-84
-21;78;-43;-76
63;57;75;81
-12;89;53;18
74;-8;73;-90
-18;31;-20;75
62;5;-40;-85
28;30;-63;85
9;-72;56;-56
-40;-43;15;-49
41;69;78;23
-61;-15;-49;-78
-43;86;-61;97
-96;63;-36;57
-3;20;-47;73
19;-58;-5;-66
20;89;-28;-40
-67;10;-41;18
77;22;-32;12
53;57;36;-22
-46;-62;57;42
-9;-61;82;46
64;98;46;39
-96;41;31;0
-26;44;-97;-50
-86;91;88;47
27;21;-79;-19
-4;52;-95;40
84;75;19;-18
-16;53;42;-19
-93;26;-4;-66
63;20;15;-64
91;68;-61;-91
54;-13;-35;-37
-51;-89;-85;70
-81;2;-50;-87
94;-93;55;-72
-78;-50;-84;21
-98;22;-56;-13
-5;54;83;-92
-93;85;-10;28
13;96;85;-3
10;-43;-67;-26
38;72;-37;4
-24;-16;-60;57
64;-13;-86;41
53;17;-93;-67
-57;77;68;-6
-73;-92;63;-66
-87;22;-1;97
-79;-42;18;65
-82;41;83;-70
-41;39;-88;-89
15;-73;-57;20
71;48;75;96
89;52;-46;32
-12;38;-53;30
-90;-71;-8;53
85;-58;36;7
69;-51;24;-88
34;77;73;4
66;57;79;-99
65;-56;-38;-36
47;3;-92;-32
-96;85;-23;-20
-5;-47;-80;-70
-52;-42;-74;-27
-10;36;50;23
-75;63;-38;-87
78;50;66;30
58;-53;65;65
67;-72;-93;-17
-66;-31;3;84
71;-56;17;-19
57;44;-43;8
32;6;10;-71
-7;39;-60;83
-59;95;-11;-46
-81;47;21;-52
-12;-46;-37;-80
-48;42;-60;-78
-67;66;51;80
-53;81;-44;-65
-6;-41;98;-47
36;36;-27;-72
87;-77;-57;-61
79;-50;65;-75
23;-31;92;3
-19;-63;-43;89
-33;-11;96;26
87;-40;37;-41
40;-46;59;60
48;-31;12;51
81;-64;-67;-71
-99;27;-42;78
88;52;54;-42
-98;-91;85;-53
40;46;-60;28
-14;83;-1;25
-10;-94;-24;-46
56;-59;22;-55
-95;-72;-10;-34
-52;-86;26;-39
-98;59;-30;87
-16;-35;-88;-65
96;4;43;17
2;16;-7;94
-48;-96;-78;47
-69;10;-46;73
19;19;99;26
-79;79;27;27
13;11;-74;88
-53;35;70;-8
-70;-13;-51;0
-15;73;64;31
20;31;-91;98
37;22;57;89
-51;84;-78;64
-34;-15;-85;-82
77;-83;-96;90
-10;5;47;16
-67;29;18;43
-38;53;-11;46
55;-32;-94;-10
70;28;89;90
54;-64;39;-37
14;-93;-73;44
-27;-69;23;-32
69;73;-59;-84
83;-8;65;-92
-95;-86;28;-5
-5;-24;-91;97
-20;25;-53;-51
-73;-87;-63;-45
65;-15;-97;-73
3;74;-29;-69
-69;-78;76;82
-73;90;6;-22
63;81;86;40
8;-55;67;-61
97;-71;-35;48
84;-25;-59;57
36;86;-49;-2
-10;38;5;-70
43;-2;-35;-26
-1;-73;70;-11
-81;68;-14;-54
-74;-4;46;21
18;64;-71;-25
10;23;-53;56
80;-81;-54;-59
40;-92;88;-75
-23;57;96;-90
79;-7;39;71
-42;75;29;-84
88;95;31;-60
-60;29;80;26
10;-70;20;-79
-48;9;-6;-20
81;30;49;-89
80;-39;68;-31
-1;37;41;-75
-75;-42;-82;35
93;-69;67;84
-12;-94;-99;-89
-72;-37;15;-53
-63;76;58;-30
99;-41;90;27
-74;19;-65;28
-73;-37;40;3
87;55;1;-48
-87;84;-72;-79
42;9;92;75
30;39;83;18
46;21;-68;23
78;-29;-74;65
-32;-10;9;-25
96;-61;57;-74
-35;-3;-77;-28
61;-37;-65;-48
49;37;28;-10
-33;-85;97;-13
35;17;81;5
-69;-82;24;17
30;36;84;23
-24;53;-75;3
52;67;11;-66
16;11;56;-17
-13;79;74;-58
43;36;-2;-47
-7;-78;39;-21
-42;-47;94;-52
72;6;42;-75
-21;12;76;96
13;-75;38;-1
4;63;70;-75
60;-1;-81;-49
-57;-17;73;94
-62;31;-70;-46
-86;45;-54;0
72;-36;-39;-89
69;32;-96;74
-96;78;28;18
98;98;49;29
-48;15;19;58
-66;44;-95;-11
32;47;87;48
-18;23;82;67
79;-62;27;-59
3;60;-45;-71
-4;-56;-52;-35
54;-44;95;-61
82;1;-97;-1
-73;-13;-34;-71
-41;72;-22;-78
45;-45;-7;-19
95;61;38;60
-28;8;-73;-9
-40;-9;-37;90
-4;39;34;-23
52;48;66;81
20;-17;41;-8
72;-2;81;30
-17;-66;-16;-59
51;67;-31;93
17;-64;66;-26
-25;12;-60;35
-75;-24;33;20
-62;-99;-30;96
-11;11;60;13
-79;-53;87;74
27;-4;-92;-74
-92;-78;-61;29
-30;41;60;16
81;-8;7;-91
-56;-94;-33;-3
65;-38;-7;-18
63;-13;52;-59
-93;56;73;-29
-52;92;47;78
4;-86;28;-96
-63;-96;-50;-3
-59;53;-84;96
-96;52;-31;-85
79;-9;-90;-34
-97;26;-38;20
-30;98;23;14
68;-10;-32;89
45;28;5;-69
-23;-36;-40;61
-88;96;-58;-89
-28;55;-63;-45
-12;58;-9;57
83;-18;76;78
51;-91;34;-61
-19;36;28;51
-14;-73;-49;-24
-52;-61;38;16
-68;-52;-46;-93
-16;-48;-51;14
62;-32;-73;-90
98;11;-94;-36
52;26;-21;-31
30;-79;-19;-24
-32;-9;24;-54
5;60;-92;-51
-80;75;25;36
-72;69;-6;-1
59;-80;-24;-87
10;19;52;74
-79;86;23;21
59;-31;85;-89
66;78;38;93
28;-96;-90;-98
-39;77;90;-76
86;-30;-64;82
-67;79;10;10
45;-31;66;49
38;49;-75;18
-62;-14;-11;50
89;14;69;-50
-89;-25;51;32
28;29;88;51
50;40;-12;79
59;-24;-34;-2
-88;88;-44;78
78;-9;63;75
-12;-60;-66;-28
-91;53;0;-30
17;-66;-79;-90
61;-26;67;-3
97;9;90;14
-51;-28;-62;-57
-55;93;77;19
11;76;-55;-11
-5;17;-49;64
89;56;71;-93
75;95;80;78
68;-54;-82;5
24;-34;77;78
-51;20;-76;-71
48;8;-12;-84
76;80;59;41
89;31;15;-56
-76;-97;8;-58
38;84;38;-47
-9;-40;-25;98
76;-27;95;-55
99;-34;-59;74
-6;-78;-84;-19
-32;55;-70;94
-63;-60;89;-63
31;73;-18;21
58;35;-60;-36
81;70;37;-11
-66;-11;-60;4
85;14;41;23
-9;40;50;-98
87;-72;74;82
55;43;-84;-48
-30;-62;-32;-97
90;-26;-13;-35
-74;77;93;23
-15;27;-52;79
16;25;-90;22
-2;-34;46;91
-76;-20;34;31
60;-42;8;-62
55;-14;-81;95
-78;-63;13;12
-72;-23;-3;13
46;-73;17;-40
79;95;-34;-70
34;-7;53;-95
-8;-23;79;11
39;56;4;68
-31;55;68;98
8;-48;57;-21
-87;-3;-5;-79
68;-67;-55;97
63;-26;51;65
91;-22;3;-38
32;-85;3;44
-42;-97;72;-28
73;29;-55;91
-41;18;52;28
-62;86;-82;-62
97;32;-64;-40
-67;81;47;-35
-94;38;76;90
-47;6;-34;-7
49;-87;-78;-90
24;-76;-52;-60
87;-47;39;-55
22;-77;28;-95
-39;-34;-36;99
79;-57;12;-24
-45;7;-33;-64
52;-46;39;52
-47;-41;79;-75
65;-92;13;74
-15;96;-28;79
-57;3;43;82
-89;72;30;86
-58;-34;14;6
1;45;55;-82
57;-88;-13;34
14;86;92;-37
-56;3;-61;-47
53;-10;15;82
71;33;-67;52
64;-16;-74;80
24;52;10;86
45;-27;24;-79
-47;-4;-82;-26
10;38;-35;-43
11;-19;38;7
33;-23;-66;52
51;32;34;67
12;-96;-47;-27
86;6;-90;62
-24;-94;17;71
79;-81;-99;-42
-27;-59;-27;-67
-32;76;-59;-17
46;18;-53;-53
19;58;-64;-86
38;56;8;-50
-57;44;-13;-96
29;3;80;6
63;67;28;15
-23;76;-20;10
-41;2;-1;36
62;70;26;-32
-40;62;-57;18
69;4;-67;-77
11;51;-85;28
53;-31;4;65
95;35;19;79
90;32;70;43
-21;25;54;-63
-43;71;-13;-28
-82;-80;44;66
-39;-37;36;-40
35;5;-96;26
61;51;57;90
97;34;41;-73
-49;47;-23;27
92;-1;-61;-55
50;95;65;39
-36;42;10;34
25;38;5;32
99;-40;-55;-14
28;-55;82;27
68;64;-60;23
-69;-40;-79;-29
42;-83;74;61
-76;-9;9;39
39;-35;-37;-81
-58;-77;-35;-40
-71;-91;-73;91
2;91;98;48
17;12;-24;86
56;-57;9;-96
22;-61;91;9
64;44;9;8
50;5;46;-36
82;63;-14;45
-1;79;-6;-77
-67;-70;68;51
-82;-73;-56;12
-85;23;83;-3
55;-41;-3;-97
-68;56;-4;-15
-55;34;66;53
-73;31;-13;76
48;-13;70;-8
-29;-59;-9;37
22;-50;8;23
-33;-17;14;43
-16;-91;22;14
89;71;6;-17
-39;-9;-15;-16
-63;-93;48;-31
-11;-95;31;90
-35;58;85;3
-75;-86;-25;95
-74;-57;-13;43
-83;43;-8;40
64;-44;3;-1
35;-92;-23;-90
12;-90;90;15
2;-60;-65;-38
51;23;-22;26
-76;-80;-11;75
-4;11;-43;-82
-96;42;-33;-7
15;-92;5;-67
2;-67;-44;-42
-19;75;90;-84
-77;59;-7;86
-91;-75;91;-6
-35;66;16;44
66;27;-97;-76
50;-40;-94;70
42;-3;-99;-6
34;-98;60;19
-33;-79;-55;-52
-70;-26;53;37
-82;-29;-90;79
50;73;-71;49
-8;61;-33;74
-70;-68;7;-78
70;-79;-27;25
59;98;-47;-93
-36;-27;-73;-55
21;-31;14;-8
74;-34;-93;-20
-50;-73;-79;69
-31;-48;-97;72
35;86;-10;-64
13;-76;-22;-90
-98;-72;78;-81
-82;-97;15;-22
46;83;-72;-76
-53;74;-99;63
-74;-72;71;44
99;3;-44;7
96;-20;-28;-22
82;91;32;-3
90;5;-9;46
-12;87;-38;-52
11;43;-77;-15
-76;79;25;61
85;27;-90;-15
-48;34;-90;-2
71;-29;-77;37
30;-62;-5;55
-48;30;-67;42
-17;-45;-25;-62
65;24;-66;-43
-20;71;-16;-83
55;11;-8;-44
81;-53;-54;-43
-5;93;74;-82
65;25;17;-27
-52;-32;-67;-7
47;83;-22;31
-48;72;20;28
1;52;-82;-99
86;-94;82;-80
45;-60;73;-94
-15;76;-53;-10
-20;-42;-27;-59
-93;60;-91;-87
38;90;-30;71
-67;61;-96;-90
27;17;56;42
75;73;-69;59
42;-2;28;-91
-6;-72;-91;71
36;88;-49;94
-1;-21;22;40
44;-94;-37;96
36;-89;86;84
-64;63;-21;68
-79;4;14;7
-73;13;-2;8
-67;-99;18;10
82;-1;-64;-55
10;-90;10;-52
95;-84;98;70
11;-65;-76;32
12;43;72;31
49;-59;50;-67
-25;44;67;86
81;-86;8;43
-13;52;-86;-63
75;41;-25;-73
-47;-68;72;-95
5;43;96;92
-11;66;96;-11
-72;87;61;42
48;-96;70;65
-58;24;-34;81
7;-44;-16;58
-79;86;57;70
-32;45;-22;18
-32;46;27;31
48;75;-2;-84
-82;-81;15;-1
91;-29;-11;71
71;9;85;29
65;91;-2;-50
-40;-62;71;2
-90;-74;-78;-17
10;-56;-25;-97
-23;-61;-82;-34
-73;-49;63;-11
40;84;67;50
-2;85;99;59
60;48;53;-24
-52;-23;-28;10
-95;95;-94;92
97;-67;89;47
96;-13;-5;32
-8;20;3;14
-71;-91;10;-25
-30;-78;-95;-76
-73;-38;23;61
-9;98;54;99
67;7;-39;-69
-54;70;-8;7
94;-80;53;-88
-10;-33;-33;-60
-54;-61;-52;-60
67;96;-59;83
90;81;66;35
10;-71;-43;97
32;-5;65;85
-40;-28;-31;-42
17;-97;-20;-49
-32;93;34;59
95;-17;16;-48
51;15;-67;70
-33;-23;-59;-36
-96;56;97;66
63;56;-21;94
1;-18;80;73
70;89;22;64
16;90;16;97
-52;-93;39;-73
12;-94;-54;-82
-37;95;19;82
-68;-94;-46;61
-95;14;-13;12
14;39;-41;14
2;43;-19;62
92;-32;-46;-23
61;-56;-84;97
-83;70;-46;58
10;-38;32;5
62;98;41;65
35;61;60;-97
3;-96;-17;9
48;-74;24;69
24;-17;-74;94
42;-57;-79;88
89;-43;44;-66
-39;29;-98;-47
-92;53;51;4
-98;16;-72;-69
8;-49;73;58
61;6;-51;91
-54;-16;-66;-73
-64;37;63;20
77;53;75;-22
-82;26;42;73
-98;-70;2;95
-26;-79;68;-92
-44;94;-13;-9
-31;-37;-73;-17
-91;53;88;76
-5;75;-82;-30
90;-68;26;-52
40;49;-86;82
9;-99;56;31
-95;-46;17;-74
16;-73;70;-58
-49;-28;-49;15
26;-8;-30;-35
38;65;-22;-73
-87;-68;-94;-57
-6;20;-33;7
81;5;82;-32
7;-5;-21;55
-64;62;-39;-31
-95;75;-80;18
80;-89;21;-51
-21;49;-55;43
22;29;19;72
-51;-26;31;95
59;-36;-40;46
-10;83;-91;-69
-86;15;-71;75
5;-90;-77;-63
-87;-13;-37;-16
99;-81;-72;-67
-40;-60;46;78
76;6;7;62
-68;-34;9;41
15;-26;-71;97
-97;-9;-65;64
20;-31;-62;13
6;-17;60;61
-88;-52;96;41
-64;-72;-14;-50
-63;-69;-45;8
-91;-33;44;-60
-41;-34;-19;9
84;-36;12;91
-98;-67;-28;-7
46;45;50;84
-30;67;5;-12
87;78;60;72
-64;27;56;-46
25;98;-87;-75
62;-79;3;46
66;-12;57;72
16;-5;-51;-95
58;62;61;-37
16;59;70;33
76;-66;51;-20
5;8;-27;-43
7;-42;-34;-96
-80;-53;31;25
-57;-95;-82;82
-89;33;71;-7
30;55;-85;-26
65;-7;38;65
-71;-20;-51;29
-31;-77;-59;-41
-71;-54;84;11
-69;-64;-79;11
42;87;22;-56
-38;-42;50;49
-6;99;-8;-85
98;-97;-44;-79
63;58;67;10
-32;13;-35;-16
71;3;-57;29
-27;-72;-77;-59
57;-95;-33;-88
-28;-9;64;-84
-91;-49;39;29
-29;-55;13;-71
80;-99;47;84
-79;-87;75;48
93;-33;78;91
56;63;41;-8
-23;34;83;93
35;-55;48;-27
94;52;2;-82
74;35;-87;27
89;-85;49;-27
-20;-61;-79;44
-70;18;-82;-94
13;73;-41;-55
9;-53;-48;37
-38;19;-7;35
-48;-25;90;-32
10;58;74;-42
-46;-48;-98;42
-85;-31;-87;-62
14;-61;64;-82
-72;42;60;-79
-7;-43;8;27
-16;-24;-34;-30
21;-86;-79;-94
-51;52;-65;-28
43;59;52;-38
71;17;-69;-59
-65;-86;-76;-77
55;-24;8;10
15;69;74;-46
-49;-53;74;77
85;32;-79;-99
-52;-92;88;61
-96;-7;-26;-32
89;-2;-50;76
-73;-33;-7;-30
-47;-57;14;-54
6;11;-10;-20
77;81;-78;-3
85;75;-24;-60
-4;-69;93;-73
-74;-38;-80;-37
-98;-60;20;-83
19;97;-73;83
54;5;24;43
-82;75;-6;37
17;9;83;-77
-28;77;-17;-85
-77;-89;-19;96
-27;-34;-55;91
-76;-48;-56;-33
90;-26;60;80
54;-62;43;-20
-49;33;-77;21
36;-43;10;16
-22;96;91;-75
56;6;93;9
17;-70;10;-12
-39;33;20;65
31;-72;46;-56
49;-96;-31;-66
-65;-96;63;-10
87;59;-39;-83
56;28;13;-72
-40;-80;10;-16
-20;-49;-37;24
27;-45;-80;18
-86;-43;90;9
10;-33;67;-25
27;57;90;53
42;4;21;57
69;-6;31;32
-79;-8;6;11
17;-37;63;-2
40;44;6;79
83;-54;-23;31
69;51;7;-10
61;-62;0;2
-71;56;41;76
29;6;54;-66
24;-13;-3;21
50;-21;91;-52
3;-31;34;83
-48;-88;69;-3
-72;90;88;-81
86;-58;71;82
92;-96;-18;61
21;87;69;-65
90;-27;-44;-3
48;55;81;-10
60;-41;86;-7
4;17;-49;-82
86;-55;48;39
18;36;-53;-18
16;15;28;47
96;-70;27;16
55;-27;48;-28
-90;-2;-42;28
-45;-22;-22;-24
53;-36;74;-24
-61;-70;17;-46
-74;73;80;-66
-72;-66;-7;30
32;-29;93;-95
23;-28;-37;14
-4;-23;30;-80
-21;19;-73;-62
-63;-47;94;33
-44;-49;-22;-30
81;39;53;82
-8;15;-55;75
-95;27;95;84
-15;-26;52;-19
-98;-39;79;62
46;43;97;75
-60;60;-25;-18
93;23;-77;84
19;-20;-78;81
-67;55;-84;51
24;-57;52;63
-29;15;69;-15
64;-53;-64;49
17;-31;35;-56
-47;14;91;62
-49;68;61;22
-60;98;29;45
-19;-76;82;4
90;-66;-24;27
-70;-20;-89;-22
54;38;-80;-28
-55;-28;-36;63
-80;72;-1;-90
-49;90;13;31
51;-90;55;-27
86;-76;-96;40
-35;32;59;-17
93;-91;-86;72
3;14;-92;12
49;-10;-23;67
34;66;26;9
25;72;-47;99
21;44;75;-79
25;38;-8;30
35;-21;-92;12
13;80;69;-88
58;26;6;37
82;-99;82;-38
32;87;38;-80
-2;-6;-85;-8
-21;59;62;-50
-66;93;-53;65
-77;-22;76;-30
-18;65;-46;53
97;14;50;98
-34;16;-83;21
62;13;-11;38
99;-28;-68;-59
-35;15;-67;54
-81;19;78;65
-20;41;14;5
-76;13;80;67
33;84;-78;84
44;-84;-73;63
42;-58;-12;20
4;9;65;50
-54;36;-94;67
36;84;19;25
-98;12;-3;-50
33;21;-95;-85
-50;-52;-3;-51
-11;-30;-87;77
-68;-42;-39;70
75;64;-40;-12
8;-87;-64;-66
-50;44;-52;59
-3;2;62;-69
44;-62;87;83
5;50;0;98
-60;56;-21;-38
-12;57;-54;-21
23;49;49;-62
-47;-91;42;20
-14;71;65;6
99;37;52;86
8;82;-67;93
-30;-22;-34;-75
-36;-39;-51;51
34;73;46;-8
-2;69;-63;47
53;24;77;35
-4;-32;-3;34
85;94;98;3
-95;-8;54;5
24;-48;-90;-55
-17;24;73;91
60;90;85;13
-75;-27;-91;-69
-95;-3;-3;-98
81;32;-60;-30
-37;46;46;-58
-81;-59;67;-54
60;91;-36;-71
50;86;75;5
-17;83;9;13
85;67;-97;-99
-41;70;1;-72
54;-92;-36;51
-15;4;28;-85
-55;43;-5;84
5;62;-29;9
40;-94;-66;-82
22;92;19;98
-76;26;-16;-5
43;45;83;-52
39;40;-9;52
28;13;43;-53
-42;60;-39;39
-11;24;-92;-76
-3;-7;-40;-47
37;-16;5;62
-11;-34;28;58
-79;-66;-28;0
60;-53;-55;64
-29;18;81;-72
-38;86;59;62
31;80;9;-1
18;-39;97;-50
-15;30;10;-44
-64;28;-36;-38
84;85;-73;-75
-11;61;79;-58
-21;-56;52;79
12;-67;91;50
24;42;-69;9
56;-70;-60;59
-64;-78;-85;-70
36;89;29;43
-46;19;-57;-24
60;35;-26;70
-99;-33;-80;-25
8;-81;38;-47
39;59;32;-7
-3;55;6;55
45;-33;89;-32
46;50;6;-10
15;-90;25;93
89;15;90;89
-31;-39;8;-11
-90;64;-49;-82
-17;62;-10;77
-43;-64;-54;-1
-87;-12;31;-6
45;-94;-75;-49
61;29;60;-1
-7;45;-37;-76
69;43;-75;-63
-52;-83;45;80
-84;72;84;84
-40;29;-67;-21
64;-73;80;2
84;-4;-56;-37
-64;-43;27;-19
-95;52;25;38
-89;-91;-48;95
42;50;-21;73
-78;-60;91;-67
-4;-18;35;-34
65;60;-60;-26
-10;-35;76;-36
-53;-53;-15;92
21;19;-32;55
75;84;60;-66
-82;-30;-58;95
-34;-6;84;22
-83;-41;73;39
-72;34;-85;-50
-92;-39;6;-23
74;-84;26;74
55;98;12;77
-86;79;-9;80
99;-94;-44;-70
20;-95;25;95
-19;-46;-53;88
-26;45;65;87
5;-81;48;14
-22;-16;-40;-97
43;-33;-59;-33
82;-92;9;-62
68;92;40;-78
-22;84;29;-97
36;10;96;20
68;38;1;-89
-67;25;-27;94
-68;76;3;16
46;-47;-14;-46
64;-42;-86;-26
45;-91;-79;-18
-95;44;9;20
-11;45;78;68
-13;39;-66;-94
65;-70;-65;-42
35;14;-94;91
-10;-76;-24;-75
-2;-24;-61;-21
-3;23;75;60
18;-80;-94;-11
-84;52;6;-13
98;35;-71;-93
-80;-19;-12;35
-77;56;38;-69
-96;-71;91;81
-32;-16;-78;-86
7;-1;-29;64
64;-26;-12;45
-76;45;-58;82
-91;19;92;55
94;-31;-94;-82
87;3;-44;41
84;44;56;-11
-72;-75;-79;32
31;-7;80;-1
-36;-35;-58;45
93;42;11;-23
14;56;-77;-15
-64;-63;86;98
-22;-95;-74;-96
-56;30;80;-79
17;99;18;98
25;10;-48;16
39;-6;-9;30
-72;-40;-75;-54
91;78;-73;-71
22;-28;-47;90
-61;-78;-46;26
-33;76;-44;33
-15;-78;-71;94
-75;13;52;-96
4;6;46;42
46;-44;71;-82
80;80;-88;-34
4;51;-2;-54
46;27;59;3
-43;25;-51;62
-61;58;-54;-94
-68;-70;-79;-21
-74;-77;24;-84
26;10;-55;83
-49;-64;46;-13
64;89;-71;33
23;82;-52;-2
53;-50;47;78
-42;83;4;87
-90;65;86;50
59;33;-60;-19
-73;-17;19;-63
-18;76;-47;-79
79;62;97;-51
29;12;-17;-51
82;23;25;76
-24;46;58;43
-94;-42;73;-15
-50;95;27;-68
50;48;6;-59
-36;-89;-84;77
96;26;99;-4
85;-44;-42;-2
-17;37;67;-63
-92;-36;-94;-19
25;76;-69;-75
-96;67;71;83
-65;66;-1;81
-93;-58;85;71
7;48;79;49
47;-38;57;50
99;-24;-98;12
-71;-9;-76;-13
42;-74;15;-12
80;91;74;-70
54;-84;-39;-80
57;-23;-9;-59
51;96;30;-40
-16;-43;33;-37
-80;-20;-75;27
65;-41;55;44
43;-88;-61;80
27;-2;91;15
74;50;94;31
-99;38;93;22
84;61;61;-67
60;63;-97;-14
-8;-47;-31;0
66;-53;-36;-4
-39;17;-24;45
-62;11;14;-46
-94;-84;-14;33
-37;-97;-38;-19
-13;3;43;-95
-2;23;83;79
-90;53;-12;-25
-70;-9;48;27
-13;-1;-29;-16
-38;-52;-16;-27
-53;7;-73;45
-22;-31;-76;-10
90;87;-87;-36
4;-41;97;37
34;-3;36;-15
-77;-60;-75;14
-33;58;-53;63
31;78;-80;-60
-81;-30;58;91
-4;-61;1;40
30;98;-16;-57
-22;-15;-76;-72
1;33;50;64
12;99;-49;-92
-17;13;-22;19
-78;-40;59;-88
67;73;-55;-66
1;-93;-58;-5
95;96;55;-75
55;82;-64;82
35;-80;-37;97
-71;-45;28;-80
-80;51;8;82
60;82;18;-30
-61;-27;-25;5
-60;89;26;-5
-8;-45;69;15
-56;-74;-48;1
-23;-4;84;-97
97;61;82;13
-55;-74;-85;50
-2;-41;35;-86
-22;-15;85;-17
7;30;43;45
-7;67;5;74
-14;-87;75;93
-1;-92;6;-36
97;16;-27;-23
-10;61;-40;-86
75;76;96;-67
20;55;-62;59
-59;69;93;46
53;-61;9;-70
-43;-91;-72;-67
-50;-79;-49;-9
53;-29;-84;62
-88;8;92;45
-29;29;69;17
70;-28;-45;30
75;-83;53;30
-86;59;11;59
-93;-56;-79;-19
34;-72;64;55
25;6;-20;-51
40;-25;47;32
76;-52;-24;-75
-30;91;-41;84
54;-3;-42;-66
-32;21;-22;93
60;-43;55;68
-12;12;-88;-56
64;-85;92;-35
92;-94;89;0
-31;-78;53;65
-17;-14;-11;-84
85;-63;27;-62
69;31;-13;-96
-72;-14;-11;-16
19;79;-56;-35
-63;-67;-40;-45
99;93;91;48
7;57;64;-54
68;12;11;-26
67;40;82;-49
85;74;-26;-66
27;88;-62;6
17;6;81;-11
77;-11;28;-49
-73;-66;-84;91
-55;78;30;-87
66;-58;-64;15
75;-85;16;79
96;93;-20;-37
59;-74;28;-89
56;-14;-68;-99
76;-25;-31;-21
84;-40;-52;33
24;91;-94;-93
-56;-38;-32;-14
53;22;31;2
90;-97;-7;84
-90;-34;-8;-99
6;-94;-64;59
46;29;-64;-9
73;56;31;15
67;82;-45;-94
87;-27;-81;-3
58;-58;-42;-66
55;30;-89;74
82;-16;-30;18
68;-53;-72;19
55;-53;-39;14
-74;76;13;96
90;-84;35;-92
47;-13;97;36
-53;94;-57;-36
47;-97;-95;-83
19;-38;9;-11
-13;-87;46;20
55;35;-50;40
-87;5;-28;82
29;-38;-57;39
94;-97;-73;-4
-13;33;-28;74
-95;63;71;53
-57;-56;95;64
-33;-76;9;78
-31;-85;-47;-88
-63;-43;24;42
23;-40;35;-14
59;-35;-78;16
-65;-86;-97;53
41;72;16;92
64;-3;-2;68
9;7;15;5
52;-35;-29;80
50;-85;-41;-70
-91;30;-48;44
-72;-15;94;78
-78;-20;29;-46
-78;55;-63;-3
-1;-39;-52;40
59;55;-67;-84
45;-70;34;-6
94;-59;66;-80
54;73;44;-88
20;71;64;-21
2;19;46;-70
78;-39;-16;96
-72;73;-18;-11
67;18;-30;-46
-3;-63;99;97
13;9;0;-52
-89;-74;76;27
-3;69;-62;-60
-91;-96;-62;-15
46;38;-34;-79
59;-22;-47;-64
3;-9;14;-16
71;66;28;-97
35;66;16;-31
61;-64;85;-97
96;54;92;97
-19;-70;-55;-7
99;15;-48;-87
-66;63;-78;-64
-43;-36;44;20
11;-7;56;30
-59;-64;4;-57
-13;68;23;10
52;-36;-76;-94
-15;-45;55;-27
-53;-78;-15;-43
15;15;68;71
44;-19;-87;-3
-9;-34;-9;4
98;-37;57;-55
26;-98;-94;-69
91;41;-39;70
40;-83;50;-98
9;-28;-27;-10
-91;-1;-85;26
-32;32;-1;-94
56;-73;-81;-13
73;20;-93;-77
-2;11;47;-55
-84;-46;-35;73
-45;97;-68;28
31;-89;88;-80
92;-99;-5;-1
-52;-69;76;93
3;99;-26;64
23;73;97;-79
-90;28;3;98
24;-72;-25;54
-66;-58;-28;-30
1;70;-25;45
-61;98;-5;72
-75;8;74;-32
34;54;42;-84
-99;-88;18;-97
8;89;-4;64
26;41;-35;-94
58;7;-8;32
25;29;26;24
-21;-74;95;2
53;-64;-36;69
-14;-40;74;33
91;90;-30;-11
-48;-28;-62;-51
3;30;-53;-16
-57;68;9;-72
-38;-89;-10;-49
74;26;-97;75
-84;-83;-50;-27
26;26;-21;-34
66;31;-85;68
-63;-96;-20;-47
-9;-23;-79;48
78;12;-41;84
26;-63;8;-25
69;24;59;-35
88;-6;-26;-64
-77;65;23;77
-48;80;18;12
54;41;90;-41
30;-62;60;-3
5;-45;96;3
58;-34;46;-11
-81;-96;-3;-58
72;50;79;42
29;-55;-69;26
54;-56;-3;98
94;47;-69;85
-54;-51;45;32
63;-38;59;34
-2;70;-22;57
-81;-66;58;-52
-17;-24;39;-96
61;-52;29;-14
-93;-66;43;-38
57;97;9;-89
-65;61;-56;69
-41;65;-22;10
91;-54;-55;59
67;-26;7;21
-15;-51;16;19
-92;-73;-76;97
20;-41;25;30
19;-2;76;1
-39;-33;22;-42
90;89;88;18
97;-70;-87;15
-96;70;19;33
26;-77;76;9
-18;89;-96;-92
37;-54;-50;99
-59;48;91;-7
-30;44;-2;0
52;-50;30;-4
-40;98;22;78
-85;9;93;50
40;92;-96;-3
21;-32;-81;-28
-37;14;21;44
40;88;-22;-51
-62;19;-54;-40
-28;-81;81;-23
-8;-20;-51;-16
-32;-74;93;-71
44;-6;71;-97
25;-73;-62;-62
29;86;56;-29
20;-27;40;-5
-37;34;-22;22
-88;27;-95;-59
-80;35;-96;-62
21;-8;-8;-60
29;-70;4;43
47;-56;35;-55
81;43;47;5
24;77;63;94
-15;-2;65;18
-78;38;-63;-83
-11;30;83;90
-76;99;16;-63
-6;16;42;-9
68;96;48;-80
98;-67;40;-32
71;-91;52;-77
27;73;-81;90
92;-13;-46;-83
-40;45;-78;81
-73;10;-88;-91
-65;-28;-74;-11
50;46;19;88
97;69;-63;89
-86;41;-81;-85
-53;-6;10;20
-3;51;-2;-19
42;31;59;-46
-88;59;-59;-30
-11;8;-92;-1
82;-36;-27;81
-46;-69;93;-77
-49;-35;-97;19
26;-92;34;33
-99;-9;11;-17
74;45;47;-80
86;-34;77;-61
29;67;1;6
33;19;-68;83
-78;29;-34;-33
58;-24;-69;-22
28;-59;27;-96
-75;7;-30;98
96;24;25;-62
17;-47;94;88
-47;54;-6;-16
63;-3;85;-92
75;50;12;-29
-75;-55;25;-2
14;-31;-9;45
38;73;-86;-78
-3;3;9;-90
93;94;-33;68
34;-22;-85;-96
81;47;14;-69
-45;20;-71;-26
94;98;73;52
99;-73;24;-52
61;-51;-49;-20
41;-28;86;-40
88;76;-86;81
-16;44;36;46
-69;21;17;67
55;-39;-9;-82
45;39;-73;-2
29;56;-90;67
-30;-80;-93;-15
-73;34;-37;10
60;-46;-57;-21
7;-53;90;-49
-37;-73;22;-21
10;56;-8;1
58;-67;34;-98
-55;-11;31;-68
66;-53;11;-35
38;-48;19;-4
-41;-92;-93;1
-81;-88;11;-2
49;76;-64;2
-65;31;-43;14
27;5;26;94
-99;-39;-35;-28
23;-89;12;-39
35;26;13;-89
8;-73;-79;3
49;91;-17;47
22;-64;-47;-31
-47;-71;97;-64
89;97;37;-67
25;25;-5;97
42;35;78;-92
-1;-49;63;-77
-36;-75;94;-92
11;54;64;36
-77;79;-28;64
-92;96;-81;-6
-86;-23;-29;38
88;-20;-14;82
31;-77;60;-85
-86;-25;-52;-28
-27;-69;-94;-71
-66;89;25;-64
-66;-98;-89;45
-47;30;90;46
17;-16;94;-77
79;-75;-66;83
39;-87;-23;-12
93;49;22;47
32;-99;-8;77
91;90;-40;-76
51;-65;4;87
-30;40;29;-99
-67;-86;-3;29
-19;-75;-8;-52
96;-78;-10;-78
13;-63;-58;-16
-21;-36;-86;-47
-61;-87;55;27
-76;70;-29;45
20;-53;13;98
-17;-24;-45;79
-48;92;-33;7
8;-56;81;69
1;-61;11;14
92;-79;8;-93
27;-23;62;-80
-41;70;6;10
53;47;27;50
9;-8;38;-63
82;-37;-68;-14
96;6;44;95
-68;86;-74;85
-40;56;52;0
38;7;-29;-93
14;-65;21;-18
-13;56;54;61
16;-68;-39;-90
88;-78;-90;-78
33;66;88;-27
44;21;-49;97
95;-73;-88;-98
-79;32;23;47
41;50;99;-59
52;82;-21;-99
25;-83;-15;85
-76;-78;12;16
-3;-50;-26;47
-53;-52;37;66
6;56;65;-11
-80;-41;88;67
52;85;88;-62
-77;69;-31;50
-12;87;47;28
-64;-35;73;74
15;-5;4;71
-41;75;0;-6
-86;-66;34;95
-82;89;80;-33
-71;17;-66;-61
-67;-25;-6;28
80;24;-40;-41
83;91;74;24
54;-83;9;76
-14;-5;-76;89
-65;-26;33;-2
-92;-19;-1;18
-68;34;41;-60
-98;75;91;35
15;-58;93;-95
3;-6;-88;-74
-84;-44;12;-88
-91;-43;52;38
-49;4;-6;6
91;62;-48;-81
10;-88;-91;-51
-49;35;23;79
-74;74;-39;-55
1;-81;-14;40
-37;7;-18;51
69;-12;10;75
82;-96;88;-3
-18;-15;44;53
89;74;-5;-8
-15;62;74;-19
33;33;85;-65
95;8;-63;-68
-81;53;-56;-16
-20;1;-50;-78
1;-66;-33;-52
46;-74;-3;40
-70;8;-45;26
24;93;-44;0
33;-98;-82;-63
2;-24;79;-26
66;56;-21;28
-58;-39;-26;-11
25;-27;90;-49
-5;27;34;7
-64;-54;-95;-12
-46;11;8;-75
-2;44;50;-22
-17;-86;19;-74
-45;93;-19;89
46;69;-1;69
-65;65;-98;-49
-96;-95;-95;-93
-33;10;-99;-43
-29;-8;-80;-44
-51;-45;-69;-2
10;95;-93;12
53;65;96;2
-54;45;60;-33
47;-65;-47;-12
10;-42;-78;-7
39;44;-89;72
-87;-37;54;62
73;-74;40;-8
38;-99;-40;-60
59;-10;-3;-61
-91;3;60;22
49;34;9;-63
-61;32;45;91
-67;37;59;65
84;-66;-1;-9
-89;-66;28;-79
-95;-31;28;46
75;-86;28;-79
60;83;-15;-64
84;-11;-76;-21
53;18;24;-58
-20;49;-41;-98
-58;-6;-45;26
90;-93;-72;74
74;40;17;-19
-93;63;-38;-74
-96;25;-69;-50
-47;23;81;-4
-90;-79;37;-8
10;-13;40;-45
-90;26;4;-19
59;-97;-70;54
55;11;-38;-56
71;42;-28;90
-43;-2;-62;54
19;-90;49;19
12;59;16;70
-31;35;-36;-12
99;-37;-28;-20
-41;80;-34;-98
-4;-23;-5;41
-39;37;24;-32
48;46;-64;-88
-51;85;36;-99
77;85;68;-99
-14;-40;-15;-80
-53;74;-56;9
-29;92;31;-23
-67;-63;-41;-58
14;-92;-42;75
-65;-51;-78;22
26;-28;2;-26
-88;-34;16;-63
91;-25;-6;-13
-7;-84;96;56
-84;59;79;-87
27;-6;-14;69
27;93;66;-62
-62;62;20;95
35;-70;82;99
-10;-42;-35;66
21;-77;-49;-60
13;71;-18;-81
-48;-34;7;40
-27;-74;-12;-68
86;33;46;-82
54;-1;51;-36
-67;97;-34;57
-6;-87;-8;4
-56;-54;-44;56
12;47;85;71
-44;80;23;9
42;51;-87;57
11;-52;-33;-57
-76;-77;-15;-85
-80;-82;85;-46
-99;50;-54;-40
34;83;88;40
-23;90;5;52
-7;-72;73;74
76;-58;22;-18
84;9;-54;-53
46;-50;-19;-79
60;-58;36;-5
61;31;71;6
34;-36;75;58
62;-27;-19;21
42;14;49;95
-50;11;-61;77
-4;4;-31;-9
4;98;13;-15
3;67;80;-65
-45;-89;91;61
-43;-32;-60;12
-33;63;19;12
-71;25;5;-68
-97;58;99;-42
-37;-20;-98;36
50;-10;-44;94
-8;-54;-34;31
23;88;38;82
-28;26;11;32
84;57;-38;79
-6;-19;85;-83
96;31;-68;-4
-88;33;-1;77
-34;4;62;76
8;25;-80;83
-41;73;9;11
47;89;77;-23
-52;-33;-27;5
-82;-77;-57;-31
5;-61;98;61
-86;70;20;89
-11;61;16;68
63;34;-76;-40
37;-21;20;20
72;-26;-31;-93
54;55;-51;44
-39;93;59;-56
-39;-7;-28;-31
26;-41;70;-11
-47;19;-78;86
-26;-90;13;13
-56;-86;68;39
3;22;-3;-69
70;91;-92;-42
21;76;29;-4
-98;-27;7;-29
-37;55;33;-22
9;-69;-33;-47
-48;-18;33;44
-58;35;1;-53
-74;-79;40;39
95;-59;-1;34
-48;12;67;-23
90;26;85;-98
2;-58;-50;-11
-20;-10;-70;-28
-45;-55;78;-12
-41;-37;-84;86
-24;-18;-29;81
32;67;-25;-77
-44;98;-73;96
-37;90;-37;26
-3;32;-57;99
-15;-88;67;35
90;-31;-16;51
-38;-88;-24;89
-4;81;-98;8
-45;-96;-31;34
67;-72;-67;-19
-36;-66;-91;-35
81;-47;90;27
-80;-84;1;-36
15;36;90;-37
-16;23;60;-56
23;-62;0;-18
89;54;-29;-7
-37;8;-67;-43
79;-14;-28;57
-40;-80;69;-90
-78;49;69;-20
-20;37;93;19
-86;-94;-49;-56
-32;88;58;-74
33;27;-25;-72
81;-3;-36;12
83;-56;-15;-70
-36;-67;-96;-36
54;51;-77;74
-31;-79;-97;-48
61;51;-20;-43
-43;89;89;90
27;-54;-75;33
44;42;-72;24
-15;-43;-3;-64
-47;63;-44;80
-97;86;-10;16
66;83;57;12
25;-76;-34;-69
-83;-92;-45;93
-46;-5;2;-82
-91;-29;20;-88
23;-2;-10;-88
23;66;98;97
-4;-1;-45;-30
-11;12;-92;20
-24;97;7;-22
-98;3;81;58
-38;-62;72;32
-33;-22;93;-32
-6;45;89;59
-74;-31;34;18
52;84;-6;81
-29;59;29;-4
-37;99;35;26
91;-88;-90;-80
84;-60;36;-42
27;23;-96;-78
-20;56;-51;44
23;-51;-5;-92
-37;89;25;-82
-91;-99;-12;3
9;-24;-31;-32
43;-33;-23;-18
35;69;74;85
32;-24;90;-70
81;-27;1;14
10;85;73;-86
4;28;-37;-98
-13;92;-89;83
52;-66;49;-49
-46;35;-22;-87
-20;67;-91;53
-25;10;-25;86
98;-5;-64;36
3;-44;64;-84
-95;-25;95;42
58;91;-67;-1
27;40;76;-53
94;-12;-65;42
76;-80;39;93
-47;-23;-97;92
57;-25;-16;78
-59;-74;47;97
70;-37;-91;-95
72;-33;94;-17
-23;75;-40;-41
18;89;41;-88
39;-49;47;-17
17;70;62;27
-27;-97;85;-16
8;-46;-41;1
92;78;-24;32
-20;-70;70;10
-75;-44;16;-23
-83;43;-26;67
34;-27;-60;90
-22;-35;-19;-99
-19;11;75;-76
17;58;-33;39
14;-90;32;9
-20;-62;-42;-39
-45;-15;10;29
29;-82;50;-65
-85;-32;-76;28
-3;-24;-68;98
-2;-98;-71;14
-19;-7;60;-41
-23;34;-46;24
41;30;10;-60
-93;-79;45;-84
70;-97;-59;-36
61;40;-91;-51
35;38;-57;-62
77;33;-88;-22
-90;44;80;61
25;-48;-48;94
63;-74;-6;-16
58;83;22;-23
30;-83;-72;-5
61;65;52;40
-16;11;24;38
-8;-84;47;-92
19;-67;-69;-38
-59;84;-10;19
50;-54;0;36
-54;25;-9;51
-83;65;8;61
5;16;17;-55
91;-60;-23;-85
28;14;2;47
-21;-13;65;25
52;-40;-64;45
26;9;44;16
-35;-83;-6;59
-80;72;22;26
8;85;2;-97
15;86;-30;-99
7;-24;90;-63
43;53;-42;59
60;65;99;56
29;62;-65;96
71;-98;79;75
46;18;95;55
91;76;-60;-7
85;62;-89;65
89;-64;-61;-49
18;8;72;11
59;35;99;-46
72;65;96;45
51;6;-69;14
-93;-5;-45;88
-19;-64;-55;67
14;64;74;97
55;-66;67;-6
24;84;-22;-36
-71;-31;-83;-89
19;41;82;-73
79;-5;42;-21
31;-4;59;-5
80;-50;70;-17
-37;-95;97;94
61;-98;-2;39
98;3;-79;66
-72;67;-15;38
-21;-55;-30;39
-47;-81;88;-80
-77;-5;-33;-40
-25;-28;14;-26
-85;95;-98;-76
-29;-78;-50;17
-56;-56;-72;-23
-26;75;-48;64
-89;-79;-84;36
79;-69;-69;-56
-83;78;71;-34
34;-61;-35;26
88;46;52;-68
65;-39;-33;-43
94;53;-5;-91
90;12;45;-52
-57;3;-51;-46
-43;78;-5;83
65;57;-92;-7
-49;83;82;-95
79;2;-12;27
-76;-80;98;49
54;58;41;-73
35;-78;-46;5
-67;24;-77;-68
90;-88;-30;-89
-48;68;-33;-92
-46;74;-93;-89
70;-9;-70;-11
-76;-81;-76;-76
4;-1;-1;-2
-63;-31;-52;43
4;2;-40;26
60;51;-85;68
-68;-22;-24;-45
52;91;-4;80
52;30;-44;-55
92;64;-19;-85
12;72;73;83
21;24;3;51
14;-20;-49;-81
-24;-38;-43;46
42;69;-29;13
-96;19;45;6
-87;-97;51;39
-78;-54;-73;61
-75;24;-44;-40
4;-7;34;-71
-12;44;-34;-28
-20;-62;69;30
8;35;-28;31
29;-85;-12;92
-73;-32;70;18
73;63;30;-31
-46;-10;94;51
-94;96;-57;-50
-64;-57;-75;-40
-46;-26;-73;75
-67;-78;-68;-14
73;-4;-67;-90
-64;-36;-67;-63
22;-84;-44;25
-86;97;-81;90
-57;-82;24;12
-7;-78;-5;-14
90;-72;39;53
-58;95;-14;52
32;-55;-5;57
-42;84;15;42
63;-94;28;-80
-45;-64;32;-85
-3;20;93;51
-99;46;-80;-91
25;-20;95;26
30;4;92;69
2;-39;33;-42
2;82;48;-13
-6;-24;-1;-9
81;-17;-2;-94
-36;-29;-45;-87
-49;44;57;11
65;7;-83;-16
-89;-98;-10;-17
7;-22;54;94
3;-26;13;15
71;7;-42;25
-53;29;-73;-57
81;89;-37;-41
